Date,GS10,CPI
1990-01-01,8.21,127.5
1990-02-01,8.47,128.0
1990-03-01,8.59,128.6
1990-04-01,8.79,128.9
1990-05-01,8.76,129.1
1990-06-01,8.48,129.9
1990-07-01,8.47,130.5
1990-08-01,8.75,131.6
1990-09-01,8.89,132.5
1990-10-01,8.72,133.4
1990-11-01,8.39,133.7
1990-12-01,8.08,134.2
1991-01-01,8.09,134.7
1991-02-01,7.85,134.8
1991-03-01,8.11,134.8
1991-04-01,8.04,135.1
1991-05-01,8.07,135.6
1991-06-01,8.28,136.0
1991-07-01,8.27,136.2
1991-08-01,7.9,136.6
1991-09-01,7.65,137.0
1991-10-01,7.53,137.2
1991-11-01,7.42,137.8
1991-12-01,7.09,138.2
1992-01-01,7.03,138.3
1992-02-01,7.34,138.6
1992-03-01,7.54,139.1
1992-04-01,7.48,139.4
1992-05-01,7.39,139.7
1992-06-01,7.26,140.1
1992-07-01,6.84,140.5
1992-08-01,6.59,140.8
1992-09-01,6.42,141.1
1992-10-01,6.59,141.7
1992-11-01,6.87,142.1
1992-12-01,6.77,142.3
1993-01-01,6.6,142.8
1993-02-01,6.26,143.1
1993-03-01,5.98,143.3
1993-04-01,5.97,143.8
1993-05-01,6.04,144.2
1993-06-01,5.96,144.3
1993-07-01,5.81,144.5
1993-08-01,5.68,144.8
1993-09-01,5.36,145.0
1993-10-01,5.33,145.6
1993-11-01,5.72,146.0
1993-12-01,5.77,146.3
1994-01-01,5.75,146.3
1994-02-01,5.97,146.7
1994-03-01,6.48,147.1
1994-04-01,6.97,147.2
1994-05-01,7.18,147.5
1994-06-01,7.1,147.9
1994-07-01,7.3,148.4
1994-08-01,7.24,149.0
1994-09-01,7.46,149.3
1994-10-01,7.74,149.4
1994-11-01,7.96,149.8
1994-12-01,7.81,150.1
1995-01-01,7.78,150.5
1995-02-01,7.47,150.9
1995-03-01,7.2,151.2
1995-04-01,7.06,151.8
1995-05-01,6.63,152.1
1995-06-01,6.17,152.4
1995-07-01,6.28,152.6
1995-08-01,6.49,152.9
1995-09-01,6.2,153.1
1995-10-01,6.04,153.5
1995-11-01,5.93,153.7
1995-12-01,5.71,153.9
1996-01-01,5.65,154.7
1996-02-01,5.81,155.0
1996-03-01,6.27,155.5
1996-04-01,6.51,156.1
1996-05-01,6.74,156.4
1996-06-01,6.91,156.7
1996-07-01,6.87,157.0
1996-08-01,6.64,157.2
1996-09-01,6.83,157.7
1996-10-01,6.53,158.2
1996-11-01,6.2,158.7
1996-12-01,6.3,159.1
1997-01-01,6.58,159.4
1997-02-01,6.42,159.7
1997-03-01,6.69,159.8
1997-04-01,6.89,159.9
1997-05-01,6.71,159.9
1997-06-01,6.49,160.2
1997-07-01,6.22,160.4
1997-08-01,6.3,160.8
1997-09-01,6.21,161.2
1997-10-01,6.03,161.5
1997-11-01,5.88,161.7
1997-12-01,5.81,161.8
1998-01-01,5.54,162.0
1998-02-01,5.57,162.0
1998-03-01,5.65,162.0
1998-04-01,5.64,162.2
1998-05-01,5.65,162.6
1998-06-01,5.5,162.8
1998-07-01,5.46,163.2
1998-08-01,5.34,163.4
1998-09-01,4.81,163.5
1998-10-01,4.53,163.9
1998-11-01,4.83,164.1
1998-12-01,4.65,164.4
1999-01-01,4.72,164.7
1999-02-01,5.0,164.7
1999-03-01,5.23,164.8
1999-04-01,5.18,165.9
1999-05-01,5.54,166.0
1999-06-01,5.9,166.0
1999-07-01,5.79,166.7
1999-08-01,5.94,167.1
1999-09-01,5.92,167.8
1999-10-01,6.11,168.1
1999-11-01,6.03,168.4
1999-12-01,6.28,168.8
2000-01-01,6.66,169.3
2000-02-01,6.52,170.0
2000-03-01,6.26,171.0
2000-04-01,5.99,170.9
2000-05-01,6.44,171.2
2000-06-01,6.1,172.2
2000-07-01,6.05,172.7
2000-08-01,5.83,172.7
2000-09-01,5.8,173.6
2000-10-01,5.74,173.9
2000-11-01,5.72,174.2
2000-12-01,5.24,174.6
2001-01-01,5.16,175.6
2001-02-01,5.1,176.0
2001-03-01,4.89,176.1
2001-04-01,5.14,176.4
2001-05-01,5.39,177.3
2001-06-01,5.28,177.7
2001-07-01,5.24,177.4
2001-08-01,4.97,177.4
2001-09-01,4.73,178.1
2001-10-01,4.57,177.6
2001-11-01,4.65,177.5
2001-12-01,5.09,177.4
2002-01-01,5.04,177.7
2002-02-01,4.91,178.0
2002-03-01,5.28,178.5
2002-04-01,5.21,179.3
2002-05-01,5.16,179.5
2002-06-01,4.93,179.6
2002-07-01,4.65,180.0
2002-08-01,4.26,180.5
2002-09-01,3.87,180.8
2002-10-01,3.94,181.2
2002-11-01,4.05,181.5
2002-12-01,4.03,181.8
2003-01-01,4.05,182.6
2003-02-01,3.9,183.6
2003-03-01,3.81,183.9
2003-04-01,3.96,183.2
2003-05-01,3.57,182.9
2003-06-01,3.33,183.1
2003-07-01,3.98,183.7
2003-08-01,4.45,184.5
2003-09-01,4.27,185.1
2003-10-01,4.29,184.9
2003-11-01,4.3,185.0
2003-12-01,4.27,185.5
2004-01-01,4.15,186.3
2004-02-01,4.08,186.7
2004-03-01,3.83,187.1
2004-04-01,4.35,187.4
2004-05-01,4.72,188.2
2004-06-01,4.73,188.9
2004-07-01,4.5,189.1
2004-08-01,4.28,189.2
2004-09-01,4.13,189.8
2004-10-01,4.1,190.8
2004-11-01,4.19,191.7
2004-12-01,4.23,191.7
2005-01-01,4.22,191.6
2005-02-01,4.17,192.4
2005-03-01,4.5,193.1
2005-04-01,4.34,193.7
2005-05-01,4.14,193.6
2005-06-01,4.0,193.7
2005-07-01,4.18,194.9
2005-08-01,4.26,196.1
2005-09-01,4.2,198.8
2005-10-01,4.46,199.1
2005-11-01,4.54,198.1
2005-12-01,4.47,198.1
2006-01-01,4.42,199.3
2006-02-01,4.57,199.4
2006-03-01,4.72,199.7
2006-04-01,4.99,200.7
2006-05-01,5.11,201.3
2006-06-01,5.11,201.8
2006-07-01,5.09,202.9
2006-08-01,4.88,203.8
2006-09-01,4.72,202.8
2006-10-01,4.73,201.9
2006-11-01,4.6,202.0
2006-12-01,4.56,203.1
2007-01-01,4.76,203.437
2007-02-01,4.72,204.226
2007-03-01,4.56,205.288
2007-04-01,4.69,205.904
2007-05-01,4.75,206.755
2007-06-01,5.1,207.234
2007-07-01,5.0,207.603
2007-08-01,4.67,207.667
2007-09-01,4.52,208.547
2007-10-01,4.53,209.19
2007-11-01,4.15,210.834
2007-12-01,4.1,211.445
2008-01-01,3.74,212.174
2008-02-01,3.74,212.687
2008-03-01,3.51,213.448
2008-04-01,3.68,213.942
2008-05-01,3.88,215.208
2008-06-01,4.1,217.463
2008-07-01,4.01,219.016
2008-08-01,3.89,218.69
2008-09-01,3.69,218.877
2008-10-01,3.81,216.995
2008-11-01,3.53,213.153
2008-12-01,2.42,211.398
2009-01-01,2.52,211.933
2009-02-01,2.87,212.705
2009-03-01,2.82,212.495
2009-04-01,2.93,212.709
2009-05-01,3.29,213.022
2009-06-01,3.72,214.79
2009-07-01,3.56,214.726
2009-08-01,3.59,215.445
2009-09-01,3.4,215.861
2009-10-01,3.39,216.509
2009-11-01,3.4,217.234
2009-12-01,3.59,217.347
2010-01-01,3.73,217.488
2010-02-01,3.69,217.281
2010-03-01,3.73,217.353
2010-04-01,3.85,217.403
2010-05-01,3.42,217.29
2010-06-01,3.2,217.199
2010-07-01,3.01,217.605
2010-08-01,2.7,217.923
2010-09-01,2.65,218.275
2010-10-01,2.54,219.035
2010-11-01,2.76,219.59
2010-12-01,3.29,220.472
2011-01-01,3.39,221.187
2011-02-01,3.58,221.898
2011-03-01,3.41,223.046
2011-04-01,3.46,224.093
2011-05-01,3.17,224.806
2011-06-01,3.0,224.806
2011-07-01,3.0,225.395
2011-08-01,2.3,226.106
2011-09-01,1.98,226.597
2011-10-01,2.15,226.75
2011-11-01,2.01,227.169
2011-12-01,1.98,227.223
2012-01-01,1.97,227.842
2012-02-01,1.97,228.329
2012-03-01,2.17,228.807
2012-04-01,2.05,229.187
2012-05-01,1.8,228.713
2012-06-01,1.62,228.524
2012-07-01,1.53,228.59
2012-08-01,1.68,229.918
2012-09-01,1.72,231.015
2012-10-01,1.75,231.638
2012-11-01,1.65,231.249
2012-12-01,1.72,231.221
2013-01-01,1.91,231.679
2013-02-01,1.98,232.937
2013-03-01,1.96,232.282
2013-04-01,1.76,231.797
2013-05-01,1.93,231.893
2013-06-01,2.3,232.445
2013-07-01,2.58,232.9
2013-08-01,2.74,233.456
2013-09-01,2.81,233.544
2013-10-01,2.62,233.669
2013-11-01,2.72,234.1
2013-12-01,2.9,234.719
2014-01-01,2.86,235.288
2014-02-01,2.71,235.547
2014-03-01,2.72,236.028
2014-04-01,2.71,236.468
2014-05-01,2.56,236.918
2014-06-01,2.6,237.231
2014-07-01,2.54,237.498
2014-08-01,2.42,237.46
2014-09-01,2.53,237.477
2014-10-01,2.3,237.43
2014-11-01,2.33,236.983
2014-12-01,2.21,236.252
2015-01-01,1.88,234.747
2015-02-01,1.98,235.342
2015-03-01,2.04,235.976
2015-04-01,1.94,236.222
2015-05-01,2.2,237.001
2015-06-01,2.36,237.657
2015-07-01,2.32,238.034
2015-08-01,2.17,238.033
2015-09-01,2.17,237.498
2015-10-01,2.07,237.733
2015-11-01,2.26,238.017
2015-12-01,2.24,237.761
2016-01-01,2.09,237.652
2016-02-01,1.78,237.336
2016-03-01,1.89,238.08
2016-04-01,1.81,238.992
2016-05-01,1.81,239.557
2016-06-01,1.64,240.222
2016-07-01,1.5,240.101
2016-08-01,1.56,240.545
2016-09-01,1.63,241.176
2016-10-01,1.76,241.741
2016-11-01,2.14,242.026
2016-12-01,2.49,242.637
2017-01-01,2.43,243.618
2017-02-01,2.42,244.006
2017-03-01,2.48,243.892
2017-04-01,2.3,244.193
2017-05-01,2.3,244.004
2017-06-01,2.19,244.163
2017-07-01,2.32,244.243
2017-08-01,2.21,245.183
2017-09-01,2.2,246.435
2017-10-01,2.36,246.626
2017-11-01,2.35,247.284
2017-12-01,2.4,247.805
2018-01-01,2.58,248.859
2018-02-01,2.86,249.529
2018-03-01,2.84,249.577
2018-04-01,2.87,250.227
2018-05-01,2.98,250.792
2018-06-01,2.91,251.018
2018-07-01,2.89,251.214
2018-08-01,2.89,251.663
2018-09-01,3.0,252.182
2018-10-01,3.15,252.772
2018-11-01,3.12,252.594
2018-12-01,2.83,252.767
2019-01-01,2.71,252.561
2019-02-01,2.68,253.319
2019-03-01,2.57,254.277
2019-04-01,2.53,255.233
2019-05-01,2.4,255.296
2019-06-01,2.07,255.213
2019-07-01,2.06,255.802
2019-08-01,1.63,256.036
2019-09-01,1.7,256.43
2019-10-01,1.71,257.155
2019-11-01,1.81,257.879
2019-12-01,1.86,258.63
2020-01-01,1.76,259.127
2020-02-01,1.5,259.25
2020-03-01,0.87,258.076
2020-04-01,0.66,256.032
2020-05-01,0.67,255.802
2020-06-01,0.73,257.042
2020-07-01,0.62,258.352
2020-08-01,0.65,259.316
2020-09-01,0.68,259.997
2020-10-01,0.79,260.319
2020-11-01,0.87,260.911
2020-12-01,0.93,262.045
2021-01-01,1.08,262.687
2021-02-01,1.26,263.579
2021-03-01,1.61,264.961
2021-04-01,1.64,266.614
2021-05-01,1.62,268.383
2021-06-01,1.52,270.654
2021-07-01,1.32,271.903
2021-08-01,1.28,272.676
2021-09-01,1.37,273.91
2021-10-01,1.58,276.55
2021-11-01,1.56,278.919
2021-12-01,1.47,280.845
2022-01-01,1.76,282.543
2022-02-01,1.93,284.5
2022-03-01,2.13,287.674
2022-04-01,2.75,288.561
2022-05-01,2.9,291.298
2022-06-01,3.14,294.957
2022-07-01,2.9,294.913
2022-08-01,2.9,295.097
2022-09-01,3.52,296.349
2022-10-01,3.98,298.007
2022-11-01,3.89,298.786
2022-12-01,3.62,298.832
2023-01-01,3.53,300.42
2023-02-01,3.75,301.45
2023-03-01,3.66,301.821
2023-04-01,3.46,302.845
2023-05-01,3.57,303.334
2023-06-01,3.75,304.014
2023-07-01,3.9,304.609
2023-08-01,4.17,306.082
2023-09-01,4.38,307.276
2023-10-01,4.8,307.696
2023-11-01,4.5,308.148
2023-12-01,4.02,308.741
2024-01-01,4.06,309.698
2024-02-01,4.21,310.967
2024-03-01,4.21,312.345
2024-04-01,4.54,313.023
2024-05-01,4.48,313.175
2024-06-01,4.31,313.044
2024-07-01,4.25,313.569
2024-08-01,3.87,314.062
2024-09-01,3.72,314.732
2024-10-01,4.1,315.631
2024-11-01,4.36,316.528
2024-12-01,4.39,317.604
2025-01-01,4.63,318.961
2025-02-01,4.45,319.679
2025-03-01,4.28,319.785
2025-04-01,4.28,320.302
2025-05-01,4.42,320.62
2025-06-01,4.38,321.435
2025-07-01,4.39,322.169
2025-08-01,4.26,323.291
2025-09-01,4.12,324.245
2025-10-01,4.06,
2025-11-01,4.09,325.063
2025-12-01,4.14,326.031
2026-01-01,4.21,326.588
2026-02-01,4.13,327.46
2026-03-01,4.25,330.293
2026-04-01,4.32,332.407
2026-05-01,4.48,333.979
2026-06-01,4.47,332.568
2026-07-01,4.6,332.813
2026-08-01,4.68,334.131
2026-09-01,4.99,
