Date,PE,CAPE
1871-01-01,11.1,
1871-02-01,11.25,10.92
1871-03-01,11.52,11.19
1871-04-01,11.85,12.05
1871-05-01,12.15,12.59
1871-06-01,12.05,12.59
1871-07-01,11.82,12.27
1871-08-01,11.98,12.55
1871-09-01,12.1,12.31
1871-10-01,11.48,11.47
1871-11-01,11.6,11.6
1871-12-01,11.85,11.59
1872-01-01,12.07,11.9
1872-02-01,12.05,11.96
1872-03-01,12.37,12.18
1872-04-01,12.63,12.25
1872-05-01,12.56,12.28
1872-06-01,12.36,12.27
1872-07-01,12.22,12.38
1872-08-01,12.0,12.13
1872-09-01,11.72,11.83
1872-10-01,11.69,12.13
1872-11-01,11.58,11.71
1872-12-01,11.79,12.17
1873-01-01,11.82,12.25
1873-02-01,11.84,12.05
1873-03-01,11.68,11.95
1873-04-01,11.45,11.78
1873-05-01,11.41,12.05
1873-06-01,11.19,12.22
1873-07-01,11.11,12.16
1873-08-01,11.04,12.12
1873-09-01,10.14,11.16
1873-10-01,9.21,10.4
1873-11-01,8.83,10.31
1873-12-01,9.61,10.96
1874-01-01,10.13,11.33
1874-02-01,10.43,11.63
1874-03-01,10.28,11.43
1874-04-01,10.0,11.26
1874-05-01,9.74,11.02
1874-06-01,9.7,11.19
1874-07-01,9.7,11.07
1874-08-01,9.72,11.14
1874-09-01,9.87,11.28
1874-10-01,9.85,11.4
1874-11-01,9.93,11.56
1874-12-01,9.87,11.45
1875-01-01,10.05,11.41
1875-02-01,10.22,11.35
1875-03-01,10.55,11.48
1875-04-01,10.9,11.51
1875-05-01,10.69,11.33
1875-06-01,10.68,11.28
1875-07-01,10.93,11.29
1875-08-01,11.21,11.24
1875-09-01,11.35,11.24
1875-10-01,11.41,11.06
1875-11-01,11.87,11.34
1875-12-01,12.14,11.45
1876-01-01,12.62,11.79
1876-02-01,13.04,11.96
1876-03-01,13.26,11.95
1876-04-01,13.02,11.63
1876-05-01,12.79,11.63
1876-06-01,12.97,11.88
1876-07-01,13.09,11.75
1876-08-01,12.81,11.18
1876-09-01,12.3,10.42
1876-10-01,12.51,10.2
1876-11-01,12.56,9.94
1876-12-01,12.79,9.74
1877-01-01,12.6,9.52
1877-02-01,11.79,9.23
1877-03-01,11.12,9.2
1877-04-01,10.25,8.31
1877-05-01,10.2,8.18
1877-06-01,9.41,8.05
1877-07-01,9.77,8.35
1877-08-01,10.4,9.29
1877-09-01,10.98,9.99
1877-10-01,11.16,10.22
1877-11-01,10.93,10.27
1877-12-01,10.83,10.25
1878-01-01,10.8,10.57
1878-02-01,10.54,10.45
1878-03-01,10.71,10.88
1878-04-01,10.98,11.29
1878-05-01,10.98,11.71
1878-06-01,11.18,12.21
1878-07-01,11.38,12.31
1878-08-01,11.25,12.06
1878-09-01,11.45,12.3
1878-10-01,11.29,12.28
1878-11-01,11.22,12.37
1878-12-01,11.13,12.58
1879-01-01,11.34,12.87
1879-02-01,11.53,13.18
1879-03-01,11.15,13.09
1879-04-01,11.31,13.66
1879-05-01,11.62,14.25
1879-06-01,11.48,14.45
1879-07-01,11.52,14.54
1879-08-01,11.41,14.61
1879-09-01,11.64,14.59
1879-10-01,12.71,15.29
1879-11-01,13.17,15.26
1879-12-01,12.95,14.77
1880-01-01,13.13,14.87
1880-02-01,13.06,15.12
1880-03-01,13.01,15.23
1880-04-01,12.43,15.46
1880-05-01,11.2,14.63
1880-06-01,11.01,14.95
1880-07-01,11.28,15.59
1880-08-01,11.45,16.1
1880-09-01,11.2,15.86
1880-10-01,11.3,16.26
1880-11-01,11.67,16.87
1880-12-01,11.92,17.33
1881-01-01,12.74,18.47
1881-02-01,12.81,18.15
1881-03-01,13.07,18.28
1881-04-01,13.14,17.95
1881-05-01,13.85,18.88
1881-06-01,14.15,19.04
1881-07-01,13.78,18.11
1881-08-01,13.58,17.28
1881-09-01,13.81,16.72
1881-10-01,13.72,16.25
1881-11-01,13.94,16.48
1881-12-01,13.66,15.96
1882-01-01,13.48,15.68
1882-02-01,13.21,15.15
1882-03-01,13.21,15.08
1882-04-01,13.24,14.92
1882-05-01,13.1,14.56
1882-06-01,13.06,14.33
1882-07-01,13.82,15.23
1882-08-01,14.26,15.53
1882-09-01,14.43,16.07
1882-10-01,14.06,15.76
1882-11-01,13.49,15.19
1882-12-01,13.58,15.38
1883-01-01,13.59,15.27
1883-02-01,13.36,14.75
1883-03-01,13.61,15.05
1883-04-01,13.98,15.47
1883-05-01,13.82,15.33
1883-06-01,14.02,15.91
1883-07-01,13.89,15.96
1883-08-01,13.34,15.2
1883-09-01,13.57,15.49
1883-10-01,13.28,15.05
1883-11-01,13.57,15.41
1883-12-01,13.35,14.89
1884-01-01,13.2,14.43
1884-02-01,13.82,14.8
1884-03-01,14.04,14.73
1884-04-01,13.68,14.35
1884-05-01,12.83,13.46
1884-06-01,12.56,12.9
1884-07-01,12.83,13.05
1884-08-01,13.94,13.86
1884-09-01,13.8,13.57
1884-10-01,13.66,13.28
1884-11-01,13.7,13.31
1884-12-01,14.0,13.43
1885-01-01,13.82,13.13
1885-02-01,14.41,13.39
1885-03-01,14.6,13.74
1885-04-01,14.73,13.54
1885-05-01,14.73,13.71
1885-06-01,14.83,13.97
1885-07-01,15.56,14.33
1885-08-01,16.63,15.13
1885-09-01,16.61,15.11
1885-10-01,17.78,15.98
1885-11-01,19.17,16.83
1885-12-01,19.26,16.31
1886-01-01,18.91,16.7
1886-02-01,18.93,17.01
1886-03-01,18.21,16.84
1886-04-01,17.66,16.81
1886-05-01,17.02,16.87
1886-06-01,17.5,17.82
1886-07-01,17.48,17.85
1886-08-01,17.32,17.72
1886-09-01,17.49,18.14
1886-10-01,17.66,18.55
1886-11-01,17.82,18.96
1886-12-01,17.09,18.2
1887-01-01,16.78,17.52
1887-02-01,16.54,17.12
1887-03-01,16.8,17.47
1887-04-01,17.06,17.82
1887-05-01,17.23,18.07
1887-06-01,16.61,17.71
1887-07-01,16.09,17.42
1887-08-01,15.57,16.74
1887-09-01,15.26,16.67
1887-10-01,14.65,15.88
1887-11-01,14.83,15.95
1887-12-01,14.64,15.45
1888-01-01,15.1,15.36
1888-02-01,15.38,15.41
1888-03-01,15.16,14.8
1888-04-01,15.61,15.02
1888-05-01,16.24,15.38
1888-06-01,16.16,15.08
1888-07-01,17.04,15.27
1888-08-01,17.9,15.6
1888-09-01,18.88,15.98
1888-10-01,19.34,15.72
1888-11-01,19.53,15.22
1888-12-01,19.77,14.94
1889-01-01,19.9,15.81
1889-02-01,19.87,16.19
1889-03-01,19.22,16.07
1889-04-01,18.95,16.05
1889-05-01,19.23,16.92
1889-06-01,19.32,17.22
1889-07-01,18.71,16.89
1889-08-01,18.73,17.14
1889-09-01,18.97,17.34
1889-10-01,18.41,17.05
1889-11-01,18.03,16.9
1889-12-01,17.73,16.61
1890-01-01,17.98,17.22
1890-02-01,17.83,17.03
1890-03-01,17.75,16.9
1890-04-01,18.17,17.26
1890-05-01,19.0,17.78
1890-06-01,18.92,17.68
1890-07-01,18.83,17.58
1890-08-01,18.45,16.6
1890-09-01,18.19,16.16
1890-10-01,17.42,15.48
1890-11-01,16.2,14.74
1890-12-01,15.86,14.44
1891-01-01,16.45,15.43
1891-02-01,16.43,15.47
1891-03-01,15.9,15.06
1891-04-01,16.2,15.4
1891-05-01,15.93,15.57
1891-06-01,15.4,15.66
1891-07-01,14.94,15.61
1891-08-01,15.25,16.16
1891-09-01,16.27,17.72
1891-10-01,16.07,17.72
1891-11-01,15.63,17.66
1891-12-01,15.91,18.2
1892-01-01,16.09,19.01
1892-02-01,16.0,19.03
1892-03-01,16.06,19.73
1892-04-01,15.91,19.95
1892-05-01,15.8,19.92
1892-06-01,15.61,19.77
1892-07-01,15.5,19.22
1892-08-01,15.61,19.2
1892-09-01,15.12,18.69
1892-10-01,15.32,19.03
1892-11-01,15.16,18.46
1892-12-01,14.89,18.02
1893-01-01,15.55,17.65
1893-02-01,15.67,17.13
1893-03-01,15.5,16.9
1893-04-01,15.93,17.1
1893-05-01,14.93,15.79
1893-06-01,14.63,15.42
1893-07-01,13.67,14.35
1893-08-01,13.75,14.58
1893-09-01,15.2,15.02
1893-10-01,16.17,15.27
1893-11-01,16.98,15.93
1893-12-01,16.96,15.62
1894-01-01,17.16,15.74
1894-02-01,18.0,16.19
1894-03-01,19.19,17.18
1894-04-01,20.16,17.42
1894-05-01,20.16,16.8
1894-06-01,20.67,16.6
1894-07-01,21.07,16.28
1894-08-01,22.81,16.45
1894-09-01,24.22,16.53
1894-10-01,24.56,16.51
1894-11-01,25.79,16.55
1894-12-01,26.88,16.66
1895-01-01,25.37,16.51
1895-02-01,23.94,16.32
1895-03-01,22.96,16.35
1895-04-01,23.0,16.39
1895-05-01,23.34,17.07
1895-06-01,22.93,17.21
1895-07-01,22.21,17.54
1895-08-01,21.77,18.08
1895-09-01,21.19,18.2
1895-10-01,20.21,17.95
1895-11-01,18.93,17.35
1895-12-01,17.28,16.54
1896-01-01,17.31,16.58
1896-02-01,18.29,17.5
1896-03-01,18.25,17.22
1896-04-01,18.67,17.65
1896-05-01,18.86,17.84
1896-06-01,18.78,17.78
1896-07-01,17.82,16.64
1896-08-01,17.06,15.7
1896-09-01,18.23,16.55
1896-10-01,18.92,16.44
1896-11-01,20.53,17.09
1896-12-01,20.1,16.5
1897-01-01,19.33,17.03
1897-02-01,18.44,16.9
1897-03-01,17.83,16.96
1897-04-01,16.69,16.71
1897-05-01,16.21,17.05
1897-06-01,16.42,17.85
1897-07-01,16.62,18.65
1897-08-01,17.17,18.99
1897-09-01,17.47,19.36
1897-10-01,16.43,19.03
1897-11-01,15.41,18.36
1897-12-01,15.32,18.75
1898-01-01,15.58,19.25
1898-02-01,15.38,18.91
1898-03-01,14.53,18.03
1898-04-01,14.14,17.7
1898-05-01,14.91,17.6
1898-06-01,15.33,19.53
1898-07-01,15.24,19.86
1898-08-01,15.65,20.55
1898-09-01,15.47,20.45
1898-10-01,15.0,19.95
1898-11-01,15.34,20.53
1898-12-01,16.14,21.39
1899-01-01,16.85,22.92
1899-02-01,16.98,23.04
1899-03-01,16.73,23.27
1899-04-01,16.48,23.16
1899-05-01,15.36,22.1
1899-06-01,14.63,21.2
1899-07-01,14.75,21.57
1899-08-01,14.75,21.72
1899-09-01,14.23,20.6
1899-10-01,13.83,20.15
1899-11-01,13.77,20.21
1899-12-01,12.54,18.51
1900-01-01,12.71,18.67
1900-02-01,12.94,18.71
1900-03-01,13.04,18.78
1900-04-01,13.21,18.95
1900-05-01,12.58,18.41
1900-06-01,12.21,17.99
1900-07-01,12.21,17.7
1900-08-01,12.38,18.07
1900-09-01,12.08,17.35
1900-10-01,12.52,18.1
1900-11-01,13.5,19.42
1900-12-01,14.31,20.75
1901-01-01,14.68,20.97
1901-02-01,15.0,21.69
1901-03-01,15.48,22.36
1901-04-01,16.72,24.4
1901-05-01,15.83,23.06
1901-06-01,17.35,25.23
1901-07-01,16.13,23.15
1901-08-01,16.3,23.07
1901-09-01,16.16,22.6
1901-10-01,15.93,22.26
1901-11-01,16.22,22.37
1901-12-01,15.9,21.69
1902-01-01,15.9,22.34
1902-02-01,15.7,22.46
1902-03-01,15.4,22.41
1902-04-01,15.61,22.83
1902-05-01,15.27,22.42
1902-06-01,14.88,21.97
1902-07-01,14.94,22.4
1902-08-01,15.05,23.17
1902-09-01,14.81,22.87
1902-10-01,14.09,20.62
1902-11-01,13.31,20.41
1902-12-01,12.78,19.64
1903-01-01,13.61,20.32
1903-02-01,13.71,20.11
1903-03-01,13.36,19.89
1903-04-01,12.99,18.99
1903-05-01,12.92,18.96
1903-06-01,12.38,17.83
1903-07-01,11.98,16.93
1903-08-01,11.77,16.31
1903-09-01,11.66,15.65
1903-10-01,11.45,15.26
1903-11-01,11.67,15.4
1903-12-01,12.4,16.04
1904-01-01,12.68,15.86
1904-02-01,12.42,15.02
1904-03-01,12.46,15.09
1904-04-01,12.85,15.56
1904-05-01,12.66,15.52
1904-06-01,12.76,15.47
1904-07-01,13.38,16.03
1904-08-01,13.93,16.31
1904-09-01,14.64,16.74
1904-10-01,15.6,17.63
1904-11-01,16.56,18.07
1904-12-01,16.84,18.16
1905-01-01,16.69,18.46
1905-02-01,16.92,19.17
1905-03-01,16.92,19.84
1905-04-01,16.25,19.49
1905-05-01,15.04,18.63
1905-06-01,14.83,18.73
1905-07-01,14.91,19.2
1905-08-01,15.08,19.58
1905-09-01,14.77,19.74
1905-10-01,14.62,19.89
1905-11-01,14.21,19.45
1905-12-01,14.24,19.57
1906-01-01,14.57,20.13
1906-02-01,14.31,19.86
1906-03-01,13.81,19.26
1906-04-01,13.47,18.87
1906-05-01,12.98,18.06
1906-06-01,13.01,18.18
1906-07-01,12.54,18.19
1906-08-01,13.33,18.96
1906-09-01,13.6,19.21
1906-10-01,13.06,18.1
1906-11-01,13.2,18.14
1906-12-01,12.95,17.67
1907-01-01,12.72,17.22
1907-02-01,12.46,16.22
1907-03-01,11.36,14.69
1907-04-01,11.55,14.68
1907-05-01,11.28,13.8
1907-06-01,11.04,13.14
1907-07-01,11.6,13.58
1907-08-01,10.86,12.51
1907-09-01,10.88,12.33
1907-10-01,9.81,10.84
1907-11-01,9.35,10.6
1907-12-01,9.95,11.34
1908-01-01,10.49,11.9
1908-02-01,10.21,11.56
1908-03-01,10.73,11.99
1908-04-01,11.43,12.45
1908-05-01,12.17,13.08
1908-06-01,12.32,13.05
1908-07-01,12.91,13.35
1908-08-01,13.61,13.89
1908-09-01,13.62,13.71
1908-10-01,13.94,13.69
1908-11-01,15.05,14.44
1908-12-01,15.57,14.58
1909-01-01,15.23,14.77
1909-02-01,14.43,14.17
1909-03-01,14.27,14.33
1909-04-01,14.56,14.64
1909-05-01,14.7,14.96
1909-06-01,14.63,15.04
1909-07-01,14.51,15.23
1909-08-01,14.54,15.43
1909-09-01,14.25,15.25
1909-10-01,14.01,14.99
1909-11-01,13.66,14.74
1909-12-01,13.55,14.75
1910-01-01,13.31,14.54
1910-02-01,12.87,14.0
1910-03-01,13.24,14.04
1910-04-01,12.96,13.56
1910-05-01,12.79,13.57
1910-06-01,12.21,13.01
1910-07-01,11.64,12.34
1910-08-01,11.96,12.75
1910-09-01,12.08,12.94
1910-10-01,12.68,13.92
1910-11-01,12.71,14.16
1910-12-01,12.4,13.74
1911-01-01,12.91,14.05
1911-02-01,13.34,14.73
1911-03-01,13.41,14.37
1911-04-01,13.58,14.76
1911-05-01,14.11,15.05
1911-06-01,14.65,15.33
1911-07-01,14.85,15.08
1911-08-01,14.4,13.91
1911-09-01,13.87,13.0
1911-10-01,14.22,13.07
1911-11-01,15.07,13.73
1911-12-01,15.44,13.93
1912-01-01,15.22,13.8
1912-02-01,14.86,13.53
1912-03-01,15.06,13.64
1912-04-01,15.3,13.66
1912-05-01,15.07,13.65
1912-06-01,14.85,13.78
1912-07-01,14.66,13.8
1912-08-01,14.79,13.99
1912-09-01,14.66,13.93
1912-10-01,14.43,13.9
1912-11-01,14.09,13.75
1912-12-01,13.4,13.4
1913-01-01,13.4,13.15
1913-02-01,13.03,12.68
1913-03-01,12.89,12.44
1913-04-01,12.99,12.43
1913-05-01,12.75,12.22
1913-06-01,12.21,11.49
1913-07-01,12.48,11.53
1913-08-01,12.93,11.85
1913-09-01,13.17,11.84
1913-10-01,12.87,11.47
1913-11-01,12.66,11.07
1913-12-01,12.76,11.17
1914-01-01,13.48,11.64
1914-02-01,13.86,11.91
1914-03-01,13.81,11.69
1914-04-01,13.69,11.52
1914-05-01,13.98,11.48
1914-06-01,14.14,11.43
1914-07-01,13.57,10.69
1914-08-01,13.8,10.49
1914-09-01,14.03,10.5
1914-10-01,14.27,10.61
1914-11-01,14.51,10.52
1914-12-01,14.13,10.17
1915-01-01,13.6,10.36
1915-02-01,12.72,10.33
1915-03-01,12.41,10.71
1915-04-01,12.72,11.4
1915-05-01,11.87,11.03
1915-06-01,11.49,11.15
1915-07-01,10.97,11.11
1915-08-01,10.99,11.58
1915-09-01,10.96,12.01
1915-10-01,11.15,12.55
1915-11-01,11.13,12.86
1915-12-01,10.77,12.88
1916-01-01,9.99,12.54
1916-02-01,9.31,12.35
1916-03-01,8.8,12.18
1916-04-01,8.27,11.91
1916-05-01,8.05,12.03
1916-06-01,7.77,12.0
1916-07-01,7.33,11.79
1916-08-01,7.08,11.73
1916-09-01,7.08,11.94
1916-10-01,7.02,12.05
1916-11-01,6.92,12.05
1916-12-01,6.41,11.41
1917-01-01,6.34,10.99
1917-02-01,6.07,10.06
1917-03-01,6.34,10.33
1917-04-01,6.34,9.64
1917-05-01,6.21,9.14
1917-06-01,6.43,9.15
1917-07-01,6.35,9.0
1917-08-01,6.26,8.57
1917-09-01,6.05,7.95
1917-10-01,5.81,7.39
1917-11-01,5.41,6.75
1917-12-01,5.31,6.41
1918-01-01,5.74,6.64
1918-02-01,6.03,6.78
1918-03-01,6.03,6.69
1918-04-01,6.09,6.52
1918-05-01,6.42,6.58
1918-06-01,6.56,6.5
1918-07-01,6.76,6.37
1918-08-01,6.97,6.3
1918-09-01,7.09,6.15
1918-10-01,7.57,6.29
1918-11-01,7.95,6.33
1918-12-01,7.98,6.13
1919-01-01,7.97,6.1
1919-02-01,8.04,6.24
1919-03-01,8.33,6.36
1919-04-01,8.65,6.46
1919-05-01,9.3,6.83
1919-06-01,9.59,7.02
1919-07-01,9.96,7.05
1919-08-01,9.34,6.48
1919-09-01,9.53,6.56
1919-10-01,10.07,6.79
1919-11-01,9.83,6.47
1919-12-01,9.59,6.16
1920-01-01,9.61,5.99
1920-02-01,8.92,5.46
1920-03-01,9.66,5.8
1920-04-01,9.7,5.6
1920-05-01,9.2,5.19
1920-06-01,9.16,5.04
1920-07-01,9.26,5.08
1920-08-01,9.01,5.02
1920-09-01,9.45,5.3
1920-10-01,9.59,5.35
1920-11-01,9.23,5.13
1920-12-01,8.51,4.78
1921-01-01,9.39,5.12
1921-02-01,9.87,5.27
1921-03-01,10.23,5.19
1921-04-01,10.97,5.3
1921-05-01,12.12,5.61
1921-06-01,12.02,5.22
1921-07-01,13.0,5.2
1921-08-01,14.02,5.16
1921-09-01,15.83,5.38
1921-10-01,17.87,5.48
1921-11-01,21.23,5.84
1921-12-01,25.21,6.11
1922-01-01,22.58,6.29
1922-02-01,20.91,6.46
1922-03-01,19.85,6.82
1922-04-01,19.4,7.27
1922-05-01,18.68,7.59
1922-06-01,17.24,7.56
1922-07-01,16.26,7.6
1922-08-01,15.86,8.02
1922-09-01,15.36,8.27
1922-10-01,14.86,8.43
1922-11-01,13.4,8.0
1922-12-01,12.72,7.96
1923-01-01,12.46,8.15
1923-02-01,12.57,8.53
1923-03-01,12.37,8.7
1923-04-01,11.57,8.37
1923-05-01,10.69,8.0
1923-06-01,9.99,7.67
1923-07-01,9.38,7.35
1923-08-01,9.17,7.44
1923-09-01,8.98,7.46
1923-10-01,8.62,7.32
1923-11-01,8.65,7.55
1923-12-01,8.72,7.81
1924-01-01,9.05,8.07
1924-02-01,9.13,8.16
1924-03-01,8.99,8.06
1924-04-01,8.82,7.92
1924-05-01,8.83,7.9
1924-06-01,9.04,8.05
1924-07-01,9.5,8.38
1924-08-01,9.87,8.72
1924-09-01,9.81,8.58
1924-10-01,9.73,8.42
1924-11-01,10.32,8.89
1924-12-01,10.92,9.31
1925-01-01,11.06,9.69
1925-02-01,10.85,9.83
1925-03-01,10.29,9.52
1925-04-01,9.91,9.48
1925-05-01,9.98,9.73
1925-06-01,9.91,9.8
1925-07-01,9.94,9.96
1925-08-01,9.84,10.11
1925-09-01,9.84,10.36
1925-10-01,9.93,10.72
1925-11-01,10.02,10.89
1925-12-01,9.97,11.15
1926-01-01,10.13,11.34
1926-02-01,10.15,11.39
1926-03-01,9.46,10.71
1926-04-01,9.21,10.4
1926-05-01,9.28,10.58
1926-06-01,9.73,11.2
1926-07-01,10.14,11.87
1926-08-01,10.56,12.49
1926-09-01,10.72,12.69
1926-10-01,10.48,12.43
1926-11-01,10.63,12.62
1926-12-01,10.88,13.01
1927-01-01,10.9,13.19
1927-02-01,11.22,13.63
1927-03-01,11.48,14.03
1927-04-01,11.87,14.49
1927-05-01,12.39,15.0
1927-06-01,12.67,15.12
1927-07-01,13.08,15.82
1927-08-01,13.9,16.86
1927-09-01,14.82,17.82
1927-10-01,14.73,17.54
1927-11-01,15.22,18.13
1927-12-01,15.73,18.65
1928-01-01,15.47,18.81
1928-02-01,15.0,18.87
1928-03-01,15.51,19.94
1928-04-01,16.17,21.26
1928-05-01,16.37,21.83
1928-06-01,15.28,20.91
1928-07-01,15.11,21.08
1928-08-01,15.33,21.76
1928-09-01,16.14,23.0
1928-10-01,16.18,23.58
1928-11-01,16.99,25.12
1928-12-01,16.78,25.3
1929-01-01,17.77,27.08
1929-02-01,17.62,27.13
1929-03-01,17.68,27.68
1929-04-01,17.35,27.57
1929-05-01,17.38,27.7
1929-06-01,17.49,27.94
1929-07-01,18.81,29.93
1929-08-01,19.63,31.48
1929-09-01,20.17,32.56
1929-10-01,17.81,28.96
1929-11-01,12.94,21.17
1929-12-01,13.29,22.01
1930-01-01,13.94,22.31
1930-02-01,15.35,23.7
1930-03-01,16.51,24.59
1930-04-01,18.22,25.84
1930-05-01,17.83,24.31
1930-06-01,16.68,21.87
1930-07-01,17.03,21.55
1930-08-01,17.57,21.3
1930-09-01,18.39,21.07
1930-10-01,16.64,18.21
1930-11-01,16.25,16.94
1930-12-01,15.99,16.06
1931-01-01,17.0,16.71
1931-02-01,18.9,18.16
1931-03-01,19.92,18.58
1931-04-01,18.66,16.87
1931-05-01,17.48,15.4
1931-06-01,17.56,15.06
1931-07-01,18.86,15.52
1931-08-01,19.04,15.01
1931-09-01,16.9,12.82
1931-10-01,15.3,11.15
1931-11-01,16.23,11.42
1931-12-01,13.84,9.31
1932-01-01,13.99,9.31
1932-02-01,14.27,9.34
1932-03-01,14.75,9.41
1932-04-01,11.56,7.19
1932-05-01,10.46,6.39
1932-06-01,9.35,5.57
1932-07-01,10.16,5.84
1932-08-01,15.8,8.83
1932-09-01,17.96,9.76
1932-10-01,16.06,8.48
1932-11-01,16.52,8.46
1932-12-01,16.63,8.26
1933-01-01,17.19,8.73
1933-02-01,15.06,7.83
1933-03-01,14.92,7.87
1933-04-01,16.4,8.72
1933-05-01,20.99,11.25
1933-06-01,24.45,13.1
1933-07-01,26.27,13.75
1933-08-01,24.81,13.0
1933-09-01,24.46,12.92
1933-10-01,21.95,11.7
1933-11-01,22.35,12.01
1933-12-01,22.66,12.28
1934-01-01,23.73,13.03
1934-02-01,25.25,13.93
1934-03-01,23.73,13.25
1934-04-01,23.91,13.52
1934-05-01,21.29,12.18
1934-06-01,21.38,12.29
1934-07-01,20.18,11.74
1934-08-01,19.23,11.32
1934-09-01,18.6,10.91
1934-10-01,18.58,11.11
1934-11-01,18.94,11.45
1934-12-01,18.9,11.64
1935-01-01,16.25,11.5
1935-02-01,13.82,11.09
1935-03-01,11.52,10.4
1935-04-01,11.95,11.1
1935-05-01,12.45,11.99
1935-06-01,12.49,12.54
1935-07-01,13.42,13.2
1935-08-01,14.64,14.11
1935-09-01,15.28,14.42
1935-10-01,15.68,14.83
1935-11-01,17.16,16.13
1935-12-01,17.16,16.16
1936-01-01,17.87,17.09
1936-02-01,18.65,18.1
1936-03-01,18.81,18.66
1936-04-01,18.15,18.72
1936-05-01,16.58,17.75
1936-06-01,16.69,18.39
1936-07-01,17.29,19.36
1936-08-01,17.25,19.62
1936-09-01,17.07,19.86
1936-10-01,17.47,20.91
1936-11-01,17.48,21.5
1936-12-01,16.73,21.13
1937-01-01,16.75,21.62
1937-02-01,16.77,22.24
1937-03-01,16.3,22.04
1937-04-01,15.05,20.56
1937-05-01,14.13,19.47
1937-06-01,13.37,18.71
1937-07-01,13.96,19.65
1937-08-01,13.91,19.81
1937-09-01,11.78,16.85
1937-10-01,10.32,14.36
1937-11-01,9.66,13.16
1937-12-01,9.75,13.01
1938-01-01,10.5,13.51
1938-02-01,10.79,13.26
1938-03-01,10.63,12.38
1938-04-01,10.95,11.79
1938-05-01,11.93,11.99
1938-06-01,13.26,12.29
1938-07-01,17.0,14.77
1938-08-01,18.37,14.9
1938-09-01,18.95,14.28
1938-10-01,20.84,16.06
1938-11-01,20.64,16.15
1938-12-01,19.83,15.76
1939-01-01,18.84,15.6
1939-02-01,18.06,15.66
1939-03-01,17.45,15.73
1939-04-01,14.9,13.92
1939-05-01,15.11,14.5
1939-06-01,15.04,14.83
1939-07-01,15.08,15.27
1939-08-01,14.55,15.12
1939-09-01,15.77,16.45
1939-10-01,15.36,16.82
1939-11-01,14.56,16.6
1939-12-01,13.74,16.28
1940-01-01,13.23,16.38
1940-02-01,12.73,16.22
1940-03-01,12.27,16.17
1940-04-01,12.19,16.37
1940-05-01,10.34,14.14
1940-06-01,9.3,12.84
1940-07-01,9.48,13.37
1940-08-01,9.56,13.65
1940-09-01,9.84,14.21
1940-10-01,10.03,14.33
1940-11-01,10.36,14.64
1940-12-01,10.03,13.91
1941-01-01,10.02,13.9
1941-02-01,9.36,13.0
1941-03-01,9.39,12.96
1941-04-01,9.01,12.43
1941-05-01,8.73,12.04
1941-06-01,8.95,12.16
1941-07-01,9.13,12.74
1941-08-01,8.83,12.46
1941-09-01,8.61,12.28
1941-10-01,8.33,11.58
1941-11-01,8.01,10.91
1941-12-01,7.55,10.09
1942-01-01,7.97,10.1
1942-02-01,8.01,9.68
1942-03-01,7.87,9.0
1942-04-01,7.69,8.54
1942-05-01,7.93,8.51
1942-06-01,8.5,8.91
1942-07-01,8.94,9.15
1942-08-01,9.01,9.01
1942-09-01,9.23,9.08
1942-10-01,9.61,9.6
1942-11-01,9.47,9.66
1942-12-01,9.24,9.62
1943-01-01,9.67,10.15
1943-02-01,10.12,10.71
1943-03-01,10.35,10.85
1943-04-01,10.59,11.04
1943-05-01,10.91,11.36
1943-06-01,11.0,11.52
1943-07-01,11.3,11.77
1943-08-01,10.8,11.21
1943-09-01,11.1,11.34
1943-10-01,11.5,11.19
1943-11-01,11.48,10.63
1943-12-01,12.21,10.74
1944-01-01,12.65,11.05
1944-02-01,12.61,10.95
1944-03-01,13.01,11.22
1944-04-01,12.83,10.94
1944-05-01,13.1,11.1
1944-06-01,13.77,11.53
1944-07-01,14.23,11.74
1944-08-01,14.13,11.54
1944-09-01,14.0,11.33
1944-10-01,14.19,11.58
1944-11-01,13.93,11.48
1944-12-01,14.09,11.64
1945-01-01,14.35,11.96
1945-02-01,14.67,12.34
1945-03-01,14.51,12.32
1945-04-01,14.67,12.63
1945-05-01,15.02,13.04
1945-06-01,15.09,13.13
1945-07-01,14.83,12.87
1945-08-01,14.93,12.92
1945-09-01,16.0,13.8
1945-10-01,16.84,14.37
1945-11-01,17.57,14.85
1945-12-01,18.05,15.02
1946-01-01,19.17,15.62
1946-02-01,19.64,15.76
1946-03-01,19.48,15.13
1946-04-01,21.2,16.04
1946-05-01,21.74,16.01
1946-06-01,22.12,15.77
1946-07-01,21.07,14.51
1946-08-01,20.27,13.98
1946-09-01,16.96,11.84
1946-10-01,15.58,11.39
1946-11-01,14.64,11.11
1946-12-01,14.27,11.37
1947-01-01,13.46,11.47
1947-02-01,13.17,11.95
1947-03-01,11.94,11.29
1947-04-01,11.0,10.9
1947-05-01,10.37,10.73
1947-06-01,10.31,11.08
1947-07-01,10.68,11.7
1947-08-01,10.22,11.34
1947-09-01,9.72,10.83
1947-10-01,9.84,11.13
1947-11-01,9.6,10.98
1947-12-01,9.34,10.68
1948-01-01,9.02,10.42
1948-02-01,8.41,10.0
1948-03-01,8.36,10.19
1948-04-01,8.75,10.78
1948-05-01,8.92,11.24
1948-06-01,9.04,11.58
1948-07-01,8.51,11.13
1948-08-01,7.97,10.72
1948-09-01,7.61,10.55
1948-10-01,7.55,10.83
1948-11-01,6.9,10.25
1948-12-01,6.63,10.16
1949-01-01,6.62,10.25
1949-02-01,6.29,9.87
1949-03-01,6.26,9.9
1949-04-01,6.24,9.78
1949-05-01,6.18,9.69
1949-06-01,5.82,9.07
1949-07-01,6.16,9.61
1949-08-01,6.39,9.85
1949-09-01,6.48,9.88
1949-10-01,6.71,10.17
1949-11-01,6.87,10.22
1949-12-01,7.13,10.53
1950-01-01,7.22,10.75
1950-02-01,7.31,10.91
1950-03-01,7.32,10.91
1950-04-01,7.35,11.18
1950-05-01,7.43,11.46
1950-06-01,7.38,11.55
1950-07-01,6.68,10.54
1950-08-01,6.93,11.04
1950-09-01,7.01,11.34
1950-10-01,7.2,11.66
1950-11-01,7.08,11.54
1950-12-01,6.95,11.31
1951-01-01,7.48,11.9
1951-02-01,7.76,12.14
1951-03-01,7.64,11.84
1951-04-01,7.85,11.95
1951-05-01,7.96,11.86
1951-06-01,7.92,11.62
1951-07-01,8.28,11.78
1951-08-01,8.87,12.26
1951-09-01,9.35,12.44
1951-10-01,9.39,12.31
1951-11-01,9.22,11.85
1951-12-01,9.59,12.15
1952-01-01,9.97,12.53
1952-02-01,9.84,12.36
1952-03-01,9.92,12.36
1952-04-01,9.97,12.24
1952-05-01,10.06,12.2
1952-06-01,10.42,12.45
1952-07-01,10.69,12.67
1952-08-01,10.7,12.68
1952-09-01,10.5,12.43
1952-10-01,10.22,12.13
1952-11-01,10.49,12.47
1952-12-01,10.85,12.93
1953-01-01,10.86,13.01
1953-02-01,10.69,12.86
1953-03-01,10.7,12.83
1953-04-01,10.06,12.16
1953-05-01,10.0,12.14
1953-06-01,9.54,11.62
1953-07-01,9.63,11.75
1953-08-01,9.61,11.72
1953-09-01,9.13,11.14
1953-10-01,9.45,11.39
1953-11-01,9.71,11.64
1953-12-01,9.89,11.75
1954-01-01,10.09,12.0
1954-02-01,10.26,12.22
1954-03-01,10.42,12.42
1954-04-01,10.74,12.91
1954-05-01,11.06,13.31
1954-06-01,11.05,13.36
1954-07-01,11.49,13.83
1954-08-01,11.7,14.04
1954-09-01,11.96,14.36
1954-10-01,12.02,14.62
1954-11-01,12.28,15.12
1954-12-01,12.62,15.79
1955-01-01,12.56,15.99
1955-02-01,12.7,16.44
1955-03-01,12.33,16.22
1955-04-01,12.39,16.69
1955-05-01,12.0,16.52
1955-06-01,12.35,17.37
1955-07-01,12.96,18.45
1955-08-01,12.6,18.22
1955-09-01,12.89,18.84
1955-10-01,12.03,17.77
1955-11-01,12.63,18.84
1955-12-01,12.53,18.94
1956-01-01,12.12,18.29
1956-02-01,12.12,18.27
1956-03-01,12.87,19.37
1956-04-01,13.13,19.37
1956-05-01,12.82,18.54
1956-06-01,12.85,18.16
1956-07-01,13.73,18.86
1956-08-01,13.83,18.67
1956-09-01,13.54,17.84
1956-10-01,13.43,17.42
1956-11-01,13.35,17.12
1956-12-01,13.62,17.2
1957-01-01,13.34,16.72
1957-02-01,12.77,15.84
1957-03-01,12.95,15.9
1957-04-01,13.22,16.12
1957-05-01,13.71,16.6
1957-06-01,13.9,16.73
1957-07-01,14.12,16.87
1957-08-01,13.27,15.87
1957-09-01,12.67,15.16
1957-10-01,12.0,14.15
1957-11-01,11.86,13.74
1957-12-01,11.97,13.67
1958-01-01,12.49,13.79
1958-02-01,12.83,13.78
1958-03-01,13.41,13.93
1958-04-01,13.79,13.91
1958-05-01,14.57,14.32
1958-06-01,15.27,14.64
1958-07-01,15.78,14.96
1958-08-01,16.47,15.54
1958-09-01,17.0,15.93
1958-10-01,17.67,16.56
1958-11-01,18.19,16.99
1958-12-01,18.51,17.36
1959-01-01,18.77,17.98
1959-02-01,18.04,17.76
1959-03-01,18.06,18.2
1959-04-01,17.81,18.43
1959-05-01,17.55,18.69
1959-06-01,16.9,18.45
1959-07-01,17.52,19.09
1959-08-01,17.37,18.96
1959-09-01,16.63,18.12
1959-10-01,16.68,18.02
1959-11-01,16.82,18.07
1959-12-01,17.42,18.62
1960-01-01,17.12,18.34
1960-02-01,16.45,17.55
1960-03-01,16.23,17.29
1960-04-01,16.65,17.43
1960-05-01,16.72,17.26
1960-06-01,17.56,17.82
1960-07-01,17.11,17.38
1960-08-01,17.3,17.58
1960-09-01,16.76,17.05
1960-10-01,16.43,16.61
1960-11-01,16.96,17.15
1960-12-01,17.37,17.56
1961-01-01,18.6,18.47
1961-02-01,19.74,19.23
1961-03-01,20.75,19.84
1961-04-01,21.44,20.38
1961-05-01,21.8,20.6
1961-06-01,21.66,20.33
1961-07-01,21.55,20.15
1961-08-01,22.27,20.94
1961-09-01,22.05,20.71
1961-10-01,21.96,20.92
1961-11-01,22.61,21.86
1961-12-01,22.49,22.04
1962-01-01,21.25,21.2
1962-02-01,21.21,21.45
1962-03-01,20.86,21.44
1962-04-01,20.0,20.66
1962-05-01,18.33,19.09
1962-06-01,16.03,16.83
1962-07-01,16.32,17.14
1962-08-01,16.67,17.57
1962-09-01,16.43,17.32
1962-10-01,15.7,16.74
1962-11-01,16.57,17.85
1962-12-01,17.07,18.59
1963-01-01,17.66,19.26
1963-02-01,17.83,19.47
1963-03-01,17.7,19.29
1963-04-01,18.32,20.15
1963-05-01,18.47,20.51
1963-06-01,18.26,20.38
1963-07-01,17.8,19.97
1963-08-01,18.11,20.47
1963-09-01,18.4,20.96
1963-10-01,18.35,20.89
1963-11-01,18.16,20.72
1963-12-01,18.45,21.04
1964-01-01,18.77,21.63
1964-02-01,18.75,21.83
1964-03-01,18.85,22.17
1964-04-01,18.9,22.42
1964-05-01,18.86,22.57
1964-06-01,18.53,22.3
1964-07-01,19.01,22.98
1964-08-01,18.54,22.65
1964-09-01,18.66,22.89
1964-10-01,18.87,23.21
1964-11-01,18.89,23.23
1964-12-01,18.45,22.75
1965-01-01,18.75,23.27
1965-02-01,18.71,23.37
1965-03-01,18.55,23.25
1965-04-01,18.59,23.42
1965-05-01,18.65,23.71
1965-06-01,17.57,22.39
1965-07-01,17.38,22.3
1965-08-01,17.53,22.67
1965-09-01,17.95,23.37
1965-10-01,18.1,23.78
1965-11-01,18.0,23.93
1965-12-01,17.67,23.69
1966-01-01,17.81,24.06
1966-02-01,17.52,23.7
1966-03-01,16.64,22.61
1966-04-01,17.03,23.11
1966-05-01,16.01,21.85
1966-06-01,15.76,21.56
1966-07-01,15.67,21.38
1966-08-01,14.68,19.91
1966-09-01,14.12,19.16
1966-10-01,13.96,18.83
1966-11-01,14.63,19.71
1966-12-01,14.65,19.74
1967-01-01,15.31,20.43
1967-02-01,15.93,21.07
1967-03-01,16.41,21.44
1967-04-01,16.81,21.69
1967-05-01,17.24,21.95
1967-06-01,17.15,21.55
1967-07-01,17.48,21.8
1967-08-01,17.79,22.03
1967-09-01,18.08,22.22
1967-10-01,18.02,22.07
1967-11-01,17.42,21.26
1967-12-01,17.88,21.75
1968-01-01,17.71,21.51
1968-02-01,16.8,20.42
1968-03-01,16.38,19.93
1968-04-01,17.45,21.28
1968-05-01,17.71,21.63
1968-06-01,18.04,22.0
1968-07-01,17.91,21.75
1968-08-01,17.43,21.14
1968-09-01,17.9,21.68
1968-10-01,18.23,22.0
1968-11-01,18.41,22.2
1968-12-01,18.49,22.28
1969-01-01,17.65,21.19
1969-02-01,17.5,20.9
1969-03-01,17.06,20.2
1969-04-01,17.39,20.43
1969-05-01,17.93,20.97
1969-06-01,16.98,19.71
1969-07-01,16.17,18.68
1969-08-01,16.04,18.43
1969-09-01,16.05,18.4
1969-10-01,16.32,18.45
1969-11-01,16.54,18.44
1969-12-01,15.76,17.33
1970-01-01,15.76,17.09
1970-02-01,15.35,16.37
1970-03-01,15.75,16.53
1970-04-01,15.37,15.87
1970-05-01,13.69,13.98
1970-06-01,13.69,13.8
1970-07-01,13.85,13.73
1970-08-01,14.39,14.1
1970-09-01,15.41,14.84
1970-10-01,15.97,15.06
1970-11-01,16.19,14.95
1970-12-01,17.55,15.87
1971-01-01,18.12,16.46
1971-02-01,18.71,17.03
1971-03-01,19.08,17.4
1971-04-01,19.61,17.92
1971-05-01,19.22,17.56
1971-06-01,18.74,17.08
1971-07-01,18.48,16.89
1971-08-01,18.03,16.52
1971-09-01,18.31,16.86
1971-10-01,17.62,16.43
1971-11-01,16.54,15.64
1971-12-01,17.4,16.6
1972-01-01,18.01,17.26
1972-02-01,18.22,17.46
1972-03-01,18.54,17.81
1972-04-01,18.56,17.92
1972-05-01,18.2,17.66
1972-06-01,18.09,17.64
1972-07-01,17.79,17.4
1972-08-01,18.25,17.94
1972-09-01,17.82,17.61
1972-10-01,17.58,17.53
1972-11-01,18.19,18.34
1972-12-01,18.3,18.65
1973-01-01,18.09,18.71
1973-02-01,17.11,17.89
1973-03-01,16.53,17.41
1973-04-01,15.89,16.94
1973-05-01,15.13,16.31
1973-06-01,14.5,15.81
1973-07-01,14.33,15.89
1973-08-01,13.77,15.28
1973-09-01,13.73,15.48
1973-10-01,13.99,15.91
1973-11-01,12.74,14.65
1973-12-01,11.62,13.49
1974-01-01,11.68,13.53
1974-02-01,11.27,12.96
1974-03-01,11.66,13.31
1974-04-01,10.89,12.55
1974-05-01,10.41,12.0
1974-06-01,10.27,11.89
1974-07-01,8.95,10.39
1974-08-01,8.46,9.82
1974-09-01,7.48,8.68
1974-10-01,7.68,8.74
1974-11-01,8.0,8.95
1974-12-01,7.54,8.29
1975-01-01,8.3,8.92
1975-02-01,9.32,9.76
1975-03-01,9.91,10.16
1975-04-01,10.22,10.23
1975-05-01,11.09,10.82
1975-06-01,11.61,11.01
1975-07-01,11.72,10.9
1975-08-01,10.95,10.09
1975-09-01,10.91,9.92
1975-10-01,11.32,10.33
1975-11-01,11.41,10.44
1975-12-01,11.14,10.25
1976-01-01,11.82,11.19
1976-02-01,11.94,11.59
1976-03-01,11.67,11.63
1976-04-01,11.51,11.69
1976-05-01,11.18,11.53
1976-06-01,11.01,11.54
1976-07-01,11.14,11.76
1976-08-01,10.93,11.6
1976-09-01,11.05,11.81
1976-10-01,10.54,11.35
1976-11-01,10.34,11.25
1976-12-01,10.57,11.6
1977-01-01,10.41,11.44
1977-02-01,10.08,11.01
1977-03-01,9.98,10.9
1977-04-01,9.72,10.64
1977-05-01,9.58,10.55
1977-06-01,9.53,10.53
1977-07-01,9.53,10.57
1977-08-01,9.21,10.27
1977-09-01,8.99,10.07
1977-10-01,8.7,9.77
1977-11-01,8.71,9.77
1977-12-01,8.62,9.68
1978-01-01,8.28,9.24
1978-02-01,8.16,9.05
1978-03-01,8.13,8.95
1978-04-01,8.41,9.26
1978-05-01,8.75,9.63
1978-06-01,8.7,9.55
1978-07-01,8.57,9.43
1978-08-01,9.07,10.02
1978-09-01,8.98,9.94
1978-10-01,8.51,9.53
1978-11-01,7.84,8.93
1978-12-01,7.79,9.01
1979-01-01,7.88,9.26
1979-02-01,7.57,9.0
1979-03-01,7.53,9.07
1979-04-01,7.55,9.13
1979-05-01,7.25,8.79
1979-06-01,7.27,8.85
1979-07-01,7.23,8.83
1979-08-01,7.45,9.13
1979-09-01,7.42,9.11
1979-10-01,7.11,8.68
1979-11-01,7.01,8.52
1979-12-01,7.25,8.75
1980-01-01,7.39,8.85
1980-02-01,7.61,9.05
1980-03-01,6.85,8.08
1980-04-01,6.79,7.84
1980-05-01,7.15,8.1
1980-06-01,7.67,8.51
1980-07-01,8.07,8.88
1980-08-01,8.38,9.07
1980-09-01,8.64,9.2
1980-10-01,8.86,9.36
1980-11-01,9.19,9.65
1980-12-01,9.01,9.39
1981-01-01,9.02,9.26
1981-02-01,8.76,8.83
1981-03-01,9.14,9.08
1981-04-01,9.13,9.09
1981-05-01,8.86,8.82
1981-06-01,8.81,8.77
1981-07-01,8.55,8.45
1981-08-01,8.54,8.4
1981-09-01,7.75,7.58
1981-10-01,7.83,7.65
1981-11-01,8.02,7.81
1981-12-01,8.06,7.83
1982-01-01,7.73,7.39
1982-02-01,7.64,7.18
1982-03-01,7.48,6.95
1982-04-01,7.97,7.26
1982-05-01,8.09,7.19
1982-06-01,7.74,6.69
1982-07-01,7.83,6.64
1982-08-01,7.97,6.64
1982-09-01,9.03,7.4
1982-10-01,10.01,8.0
1982-11-01,10.67,8.35
1982-12-01,11.03,8.47
1983-01-01,11.48,8.76
1983-02-01,11.75,8.91
1983-03-01,12.23,9.23
1983-04-01,12.64,9.53
1983-05-01,13.09,9.87
1983-06-01,13.22,10.0
1983-07-01,13.02,10.01
1983-08-01,12.43,9.73
1983-09-01,12.57,9.98
1983-10-01,12.38,10.0
1983-11-01,11.98,9.85
1983-12-01,11.72,9.82
1984-01-01,11.52,9.89
1984-02-01,10.59,9.32
1984-03-01,10.31,9.33
1984-04-01,10.12,9.31
1984-05-01,9.86,9.23
1984-06-01,9.45,9.01
1984-07-01,9.26,8.87
1984-08-01,10.0,9.62
1984-09-01,10.03,9.69
1984-10-01,9.94,9.6
1984-11-01,10.01,9.69
1984-12-01,9.89,9.6
1985-01-01,10.36,10.0
1985-02-01,10.98,10.49
1985-03-01,10.95,10.37
1985-04-01,11.2,10.4
1985-05-01,11.65,10.61
1985-06-01,12.1,10.81
1985-07-01,12.43,11.0
1985-08-01,12.26,10.74
1985-09-01,12.09,10.47
1985-10-01,12.39,10.55
1985-11-01,13.33,11.16
1985-12-01,14.19,11.69
1986-01-01,14.28,11.72
1986-02-01,15.08,12.39
1986-03-01,16.0,13.19
1986-04-01,16.32,13.55
1986-05-01,16.28,13.56
1986-06-01,16.68,13.89
1986-07-01,16.28,13.62
1986-08-01,16.55,13.89
1986-09-01,16.05,13.47
1986-10-01,16.12,13.43
1986-11-01,16.78,13.87
1986-12-01,17.17,14.09
1987-01-01,18.01,14.92
1987-02-01,18.86,15.82
1987-03-01,19.37,16.43
1987-04-01,19.45,16.2
1987-05-01,19.74,16.16
1987-06-01,20.9,16.83
1987-07-01,20.81,17.31
1987-08-01,21.42,18.33
1987-09-01,20.09,17.68
1987-10-01,17.08,15.53
1987-11-01,14.45,13.59
1987-12-01,13.77,13.39
1988-01-01,14.02,13.9
1988-02-01,14.16,14.3
1988-03-01,14.29,14.67
1988-04-01,13.39,14.43
1988-05-01,12.41,14.03
1988-06-01,12.49,14.77
1988-07-01,12.22,14.61
1988-08-01,11.78,14.24
1988-09-01,11.79,14.37
1988-10-01,12.02,14.81
1988-11-01,11.57,14.45
1988-12-01,11.64,14.7
1989-01-01,11.82,15.09
1989-02-01,11.97,15.47
1989-03-01,11.73,15.3
1989-04-01,12.07,15.69
1989-05-01,12.49,16.19
1989-06-01,12.84,16.64
1989-07-01,13.43,17.01
1989-08-01,14.32,17.73
1989-09-01,14.66,17.71
1989-10-01,14.84,17.64
1989-11-01,14.7,17.24
1989-12-01,15.24,17.65
1990-01-01,15.13,17.05
1990-02-01,14.97,16.51
1990-03-01,15.62,16.83
1990-04-01,15.7,16.81
1990-05-01,16.37,17.39
1990-06-01,16.95,17.82
1990-07-01,16.81,17.75
1990-08-01,15.33,16.17
1990-09-01,14.51,15.3
1990-10-01,14.21,14.82
1990-11-01,14.68,15.19
1990-12-01,15.41,15.85
1991-01-01,15.35,15.61
1991-02-01,17.19,17.36
1991-03-01,17.78,17.82
1991-04-01,18.58,18.16
1991-05-01,18.98,18.03
1991-06-01,19.49,18.01
1991-07-01,20.14,18.1
1991-08-01,21.22,18.51
1991-09-01,21.73,18.36
1991-10-01,22.49,18.35
1991-11-01,23.27,18.29
1991-12-01,24.33,18.44
1992-01-01,25.93,19.77
1992-02-01,25.6,19.58
1992-03-01,25.16,19.28
1992-04-01,24.73,19.3
1992-05-01,24.75,19.66
1992-06-01,23.95,19.31
1992-07-01,23.88,19.62
1992-08-01,23.6,19.72
1992-09-01,23.2,19.71
1992-10-01,22.43,19.37
1992-11-01,22.56,19.83
1992-12-01,22.82,20.45
1993-01-01,22.5,20.32
1993-02-01,22.55,20.54
1993-03-01,22.69,20.85
1993-04-01,22.53,20.46
1993-05-01,22.83,20.52
1993-06-01,23.18,20.61
1993-07-01,22.72,20.56
1993-08-01,22.65,20.81
1993-09-01,22.5,20.99
1993-10-01,22.19,21.11
1993-11-01,21.63,21.04
1993-12-01,21.29,21.16
1994-01-01,21.34,21.41
1994-02-01,21.02,21.26
1994-03-01,20.42,20.83
1994-04-01,19.0,20.05
1994-05-01,18.5,20.19
1994-06-01,18.05,20.29
1994-07-01,17.42,20.07
1994-08-01,17.44,20.53
1994-09-01,17.09,20.57
1994-10-01,16.32,20.39
1994-11-01,15.62,20.21
1994-12-01,14.88,19.91
1995-01-01,14.89,20.22
1995-02-01,15.11,20.8
1995-03-01,15.15,21.15
1995-04-01,15.31,21.64
1995-05-01,15.5,22.19
1995-06-01,15.67,22.72
1995-07-01,16.07,23.37
1995-08-01,16.01,23.28
1995-09-01,16.45,23.94
1995-10-01,16.76,23.93
1995-11-01,17.33,24.35
1995-12-01,18.1,25.03
1996-01-01,18.08,24.76
1996-02-01,19.1,25.97
1996-03-01,19.01,25.63
1996-04-01,18.85,25.42
1996-05-01,19.1,25.81
1996-06-01,19.15,25.96
1996-07-01,18.26,24.86
1996-08-01,18.6,25.41
1996-09-01,18.75,25.68
1996-10-01,19.0,26.48
1996-11-01,19.45,27.58
1996-12-01,19.19,27.72
1997-01-01,19.53,28.33
1997-02-01,20.09,29.26
1997-03-01,19.69,28.8
1997-04-01,18.94,27.58
1997-05-01,20.6,29.93
1997-06-01,21.61,31.25
1997-07-01,22.8,32.76
1997-08-01,22.83,32.58
1997-09-01,23.06,32.66
1997-10-01,23.58,32.9
1997-11-01,23.46,32.33
1997-12-01,24.23,33.03
1998-01-01,24.29,32.86
1998-02-01,25.85,34.71
1998-03-01,27.23,36.29
1998-04-01,28.26,37.27
1998-05-01,28.3,36.95
1998-06-01,28.44,36.8
1998-07-01,29.9,38.26
1998-08-01,28.0,35.42
1998-09-01,26.8,33.53
1998-10-01,27.2,33.77
1998-11-01,30.25,37.37
1998-12-01,31.56,38.82
1999-01-01,32.92,40.57
1999-02-01,32.67,40.4
1999-03-01,33.39,41.35
1999-04-01,34.0,42.7
1999-05-01,33.19,42.55
1999-06-01,32.24,42.18
1999-07-01,32.88,43.83
1999-08-01,30.89,41.93
1999-09-01,29.99,41.32
1999-10-01,28.66,40.55
1999-11-01,29.74,43.21
1999-12-01,29.66,44.19
2000-01-01,29.04,43.77
2000-02-01,27.76,42.18
2000-03-01,28.31,43.22
2000-04-01,28.5,43.53
2000-05-01,27.49,41.96
2000-06-01,28.16,42.78
2000-07-01,28.05,42.75
2000-08-01,27.97,42.87
2000-09-01,27.34,41.89
2000-10-01,26.5,39.37
2000-11-01,26.9,38.78
2000-12-01,26.62,37.27
2001-01-01,27.55,36.98
2001-02-01,27.81,35.83
2001-03-01,26.1,32.32
2001-04-01,27.96,32.17
2001-05-01,32.02,34.07
2001-06-01,33.67,33.07
2001-07-01,35.46,32.16
2001-08-01,37.85,31.4
2001-09-01,36.9,27.67
2001-10-01,39.72,28.58
2001-11-01,43.62,30.01
2001-12-01,46.37,30.5
2002-01-01,46.17,30.28
2002-02-01,44.57,29.09
2002-03-01,46.71,30.29
2002-04-01,43.81,29.01
2002-05-01,41.41,28.13
2002-06-01,37.92,26.39
2002-07-01,32.46,23.46
2002-08-01,31.53,23.59
2002-09-01,28.89,22.36
2002-10-01,29.24,21.96
2002-11-01,32.03,23.35
2002-12-01,32.59,23.1
2003-01-01,31.43,22.9
2003-02-01,28.46,21.21
2003-03-01,27.92,21.31
2003-04-01,28.05,22.43
2003-05-01,28.24,23.59
2003-06-01,28.6,24.83
2003-07-01,27.65,24.87
2003-08-01,26.57,24.64
2003-09-01,26.42,25.24
2003-10-01,24.75,25.68
2003-11-01,23.15,25.95
2003-12-01,22.17,26.64
2004-01-01,22.73,27.66
2004-02-01,22.46,27.65
2004-03-01,21.61,26.89
2004-04-01,21.23,26.9
2004-05-01,20.14,25.9
2004-06-01,20.17,26.4
2004-07-01,19.51,25.7
2004-08-01,19.03,25.17
2004-09-01,19.35,25.67
2004-10-01,19.25,25.41
2004-11-01,20.05,26.47
2004-12-01,20.48,27.14
2005-01-01,19.99,26.59
2005-02-01,20.11,26.74
2005-03-01,19.84,26.34
2005-04-01,19.02,25.41
2005-05-01,18.93,25.65
2005-06-01,19.0,26.07
2005-07-01,19.0,26.29
2005-08-01,18.72,26.1
2005-09-01,18.44,25.73
2005-10-01,17.64,24.88
2005-11-01,18.01,25.93
2005-12-01,18.07,26.44
2006-01-01,18.07,26.47
2006-02-01,17.8,26.25
2006-03-01,17.8,26.33
2006-04-01,17.77,26.15
2006-05-01,17.46,25.65
2006-06-01,16.82,24.75
2006-07-01,16.61,24.7
2006-08-01,16.67,25.05
2006-09-01,16.77,25.64
2006-10-01,17.14,26.54
2006-11-01,17.24,26.93
2006-12-01,17.38,27.28
2007-01-01,17.36,27.21
2007-02-01,17.49,27.32
2007-03-01,16.92,26.23
2007-04-01,17.48,26.98
2007-05-01,17.92,27.55
2007-06-01,17.83,27.42
2007-07-01,18.36,27.41
2007-08-01,18.02,26.15
2007-09-01,19.05,26.73
2007-10-01,20.68,27.32
2007-11-01,20.81,25.73
2007-12-01,22.35,25.96
2008-01-01,21.46,24.02
2008-02-01,21.74,23.5
2008-03-01,21.81,22.61
2008-04-01,23.88,23.36
2008-05-01,25.81,23.7
2008-06-01,26.11,22.42
2008-07-01,25.37,20.91
2008-08-01,26.83,21.4
2008-09-01,26.48,20.36
2008-10-01,27.22,16.39
2008-11-01,34.99,15.26
2008-12-01,58.98,15.38
2009-01-01,70.91,15.17
2009-02-01,84.46,14.12
2009-03-01,110.37,13.32
2009-04-01,119.85,14.98
2009-05-01,123.73,16.0
2009-06-01,123.32,16.38
2009-07-01,101.87,16.69
2009-08-01,92.95,18.09
2009-09-01,83.3,18.83
2009-10-01,42.12,19.36
2009-11-01,28.51,19.81
2009-12-01,21.78,20.32
2010-01-01,20.7,20.53
2010-02-01,18.91,19.92
2010-03-01,18.91,21.0
2010-04-01,19.01,21.8
2010-05-01,17.3,20.48
2010-06-01,16.15,19.74
2010-07-01,15.72,19.67
2010-08-01,15.47,19.77
2010-09-01,15.61,20.38
2010-10-01,15.9,21.24
2010-11-01,15.88,21.7
2010-12-01,16.05,22.4
2011-01-01,16.3,22.98
2011-02-01,16.52,23.49
2011-03-01,16.04,22.9
2011-04-01,16.21,23.14
2011-05-01,16.12,23.06
2011-06-01,15.35,22.1
2011-07-01,15.61,22.61
2011-08-01,13.79,20.05
2011-09-01,13.5,19.7
2011-10-01,13.88,20.16
2011-11-01,14.1,20.35
2011-12-01,14.3,20.52
2012-01-01,14.87,21.21
2012-02-01,15.37,21.8
2012-03-01,15.69,22.05
2012-04-01,15.7,21.78
2012-05-01,15.22,20.94
2012-06-01,15.05,20.55
2012-07-01,15.55,21.0
2012-08-01,16.14,21.41
2012-09-01,16.69,21.78
2012-10-01,16.62,21.58
2012-11-01,16.12,20.9
2012-12-01,16.44,21.24
2013-01-01,17.03,21.9
2013-02-01,17.32,22.05
2013-03-01,17.68,22.42
2013-04-01,17.69,22.6
2013-05-01,18.25,23.41
2013-06-01,17.8,22.93
2013-07-01,18.12,23.49
2013-08-01,17.91,23.36
2013-09-01,17.88,23.44
2013-10-01,17.86,23.83
2013-11-01,18.15,24.64
2013-12-01,18.04,24.86
2014-01-01,18.15,24.86
2014-02-01,18.06,24.59
2014-03-01,18.48,24.96
2014-04-01,18.35,24.79
2014-05-01,18.46,24.94
2014-06-01,18.88,25.56
2014-07-01,18.96,25.82
2014-08-01,18.68,25.62
2014-09-01,18.81,25.92
2014-10-01,18.5,25.16
2014-11-01,19.75,26.61
2014-12-01,20.08,26.79
2015-01-01,20.02,26.49
2015-02-01,20.77,27.0
2015-03-01,20.96,26.73
2015-04-01,21.42,26.79
2015-05-01,21.92,26.81
2015-06-01,22.12,26.5
2015-07-01,22.4,26.38
2015-08-01,22.15,25.69
2015-09-01,21.45,24.5
2015-10-01,22.68,25.49
2015-11-01,23.67,26.23
2015-12-01,23.74,25.97
2016-01-01,22.18,24.21
2016-02-01,22.02,24.0
2016-03-01,23.39,25.37
2016-04-01,23.97,25.92
2016-05-01,23.81,25.69
2016-06-01,23.97,25.84
2016-07-01,24.52,26.69
2016-08-01,24.57,26.95
2016-09-01,24.22,26.73
2016-10-01,23.57,26.53
2016-11-01,23.35,26.85
2016-12-01,23.76,27.87
2017-01-01,23.59,28.06
2017-02-01,23.68,28.66
2017-03-01,23.6,29.09
2017-04-01,23.24,28.9
2017-05-01,23.31,29.31
2017-06-01,23.4,29.75
2017-07-01,23.36,30.0
2017-08-01,23.16,29.91
2017-09-01,23.28,30.17
2017-10-01,23.67,30.92
2017-11-01,23.81,31.3
2017-12-01,24.25,32.09
2018-01-01,24.97,33.31
2018-02-01,23.82,32.04
2018-03-01,23.41,31.81
2018-04-01,22.53,30.97
2018-05-01,22.49,31.24
2018-06-01,22.49,31.63
2018-07-01,22.33,31.89
2018-08-01,22.37,32.39
2018-09-01,22.25,32.62
2018-10-01,21.25,31.04
2018-11-01,20.67,30.2
2018-12-01,19.39,28.29
2019-01-01,19.6,28.38
2019-02-01,20.6,29.54
2019-03-01,20.86,29.58
2019-04-01,21.56,30.13
2019-05-01,21.15,29.24
2019-06-01,21.37,29.28
2019-07-01,22.28,29.99
2019-08-01,21.67,28.71
2019-09-01,22.44,29.23
2019-10-01,22.04,28.84
2019-11-01,22.62,29.84
2019-12-01,22.78,30.33
2020-01-01,24.88,30.99
2020-02-01,26.42,30.73
2020-03-01,22.8,24.82
2020-04-01,24.97,25.93
2020-05-01,27.82,27.33
2020-06-01,31.29,28.84
2020-07-01,32.44,29.6
2020-08-01,34.41,31.16
2020-09-01,34.27,30.84
2020-10-01,35.3,31.28
2020-11-01,37.16,32.47
2020-12-01,39.26,33.77
2021-01-01,35.96,34.51
2021-02-01,33.24,35.1
2021-03-01,30.5,35.04
2021-04-01,29.92,36.72
2021-05-01,28.05,36.55
2021-06-01,26.7,36.7
2021-07-01,26.56,37.44
2021-08-01,26.23,37.97
2021-09-01,25.35,37.62
2021-10-01,24.39,37.25
2021-11-01,24.52,38.58
2021-12-01,23.63,38.31
2022-01-01,23.11,36.94
2022-02-01,22.42,35.29
2022-03-01,22.19,34.27
2022-04-01,22.4,33.89
2022-05-01,20.81,30.67
2022-06-01,20.28,29.05
2022-07-01,20.53,29.0
2022-08-01,22.03,30.7
2022-09-01,20.58,28.23
2022-10-01,20.44,27.08
2022-11-01,22.07,28.38
2022-12-01,22.65,28.32
2023-01-01,22.82,28.34
2023-02-01,23.4,28.92
2023-03-01,22.66,27.94
2023-04-01,23.27,28.77
2023-05-01,23.15,28.76
2023-06-01,24.01,29.94
2023-07-01,24.76,30.89
2023-08-01,24.16,30.09
2023-09-01,23.93,29.8
2023-10-01,22.78,28.7
2023-11-01,23.51,30.01
2023-12-01,24.35,31.45
2024-01-01,25.01,31.97
2024-02-01,26.14,33.04
2024-03-01,27.02,33.76
2024-04-01,26.41,33.03
2024-05-01,26.93,33.78
2024-06-01,27.64,34.81
2024-07-01,28.08,35.48
2024-08-01,27.67,35.08
2024-09-01,28.09,35.7
2024-10-01,28.45,36.59
2024-11-01,28.66,37.36
2024-12-01,28.6,37.72
2025-01-01,28.16,37.14
2025-02-01,28.15,37.19
2025-03-01,26.23,34.79
2025-04-01,24.56,32.63
2025-05-01,26.34,35.08
2025-06-01,27.1,36.12
2025-07-01,27.81,37.48
2025-08-01,27.84,37.85
2025-09-01,28.13,38.59
2025-10-01,28.42,39.31
2025-11-01,28.22,39.16
2025-12-01,28.48,39.59
2026-01-01,27.98,39.65
2026-02-01,27.07,39.02
2026-03-01,25.43,37.04
2026-04-01,25.49,38.15
2026-05-01,26.09,40.11
2026-06-01,25.22,40.16
2026-07-01,25.33,40.02
2026-08-01,26.11,41.13
2026-09-01,26.04,40.9
2026-10-01,26.66,41.87
