Date,Open,High,Low,Close,Adj Close,Volume,Dividends,Stock Splits
2006-06-01,4.429999828338623,4.631249904632568,4.356249809265137,4.590624809265137,3.736341953277588,12974400,0.0,0.0
2006-07-01,4.615624904632568,4.653124809265137,4.256875038146973,4.612500190734863,3.7541491985321045,40382400,0.0,0.0
2006-08-01,4.5625,4.831250190734863,4.500625133514404,4.808750152587891,3.9138762950897217,30411200,0.0,0.0
2006-09-01,4.828125,5.091249942779541,4.704999923706055,5.034375190734863,4.097513675689697,19632000,0.0,0.0
2006-10-01,5.029375076293945,5.420000076293945,4.961249828338623,5.3125,4.323884010314941,32228800,0.0,0.0
2006-11-01,5.356874942779541,5.561874866485596,5.199999809265137,5.490624904632568,4.468860626220703,38622400,0.0,0.0
2006-12-01,5.493750095367432,5.731249809265137,5.325624942779541,5.393750190734863,4.580968379974365,28499200,0.237313,0.0
2007-01-01,5.440625190734863,5.535624980926514,5.275625228881836,5.508124828338623,4.678107738494873,55478400,0.0,0.0
2007-02-01,5.54562520980835,5.695000171661377,5.089375019073486,5.256249904632568,4.464186191558838,45659200,0.0,0.0
2007-03-01,5.085625171661377,5.493750095367432,4.940000057220459,5.340624809265137,4.548845291137695,101942400,0.015625,0.0
2007-04-01,5.344375133514404,5.905624866485596,5.293749809265137,5.79812479019165,4.9385175704956055,63593600,0.0,0.0
2007-05-01,5.806250095367432,6.193749904632568,5.732500076293945,6.155624866485596,5.243016719818115,106000000,0.0,0.0
2007-06-01,6.203125,6.235000133514404,5.731249809265137,5.90625,5.045230388641357,201587200,0.017063,0.0
2007-07-01,5.945000171661377,6.297500133514404,5.455625057220459,5.490624904632568,4.6901960372924805,289254400,0.0,0.0
2007-08-01,5.473750114440918,5.848124980926514,4.855000019073486,5.551249980926514,4.741983890533447,678184000,0.0,0.0
2007-09-01,5.581250190734863,6.25,5.32687520980835,5.96750020980835,5.110706329345703,274368000,0.01525,0.0
2007-10-01,5.972499847412109,6.34250020980835,5.630624771118164,6.093124866485596,5.218295097351074,402256000,0.0,0.0
2007-11-01,5.986249923706055,5.987500190734863,4.990624904632568,5.574999809265137,4.774561405181885,757515200,0.0,0.0
2007-12-01,5.543749809265137,5.87375020980835,5.056250095367432,5.175000190734863,4.629937171936035,606462400,0.228063,0.0
2008-01-01,5.196249961853027,5.221250057220459,3.8218750953674316,4.509375095367432,4.034419059753418,2530206400,0.0,0.0
2008-02-01,4.5625,4.663750171661377,4.146249771118164,4.264999866485596,3.815784454345703,2209492800,0.0,0.0
2008-03-01,4.216249942779541,4.38937520980835,3.7618749141693115,4.125,3.6988091468811035,3396728000,0.009688,0.0
2008-04-01,4.240624904632568,4.666250228881836,4.143125057220459,4.510624885559082,4.04459285736084,2484211200,0.0,0.0
2008-05-01,4.518125057220459,4.892499923706055,4.445000171661377,4.616875171661377,4.139865875244141,2452320000,0.0,0.0
2008-06-01,4.590000152587891,4.654375076293945,3.7931249141693115,3.8524999618530273,3.4658524990081787,2964691200,0.013375,0.0
2008-07-01,3.7637500762939453,3.9393749237060547,3.375,3.7543749809265137,3.377575159072876,4257195200,0.0,0.0
2008-08-01,3.7674999237060547,4.020625114440918,3.628124952316284,3.838749885559082,3.453481912612915,2652912000,0.0,0.0
2008-09-01,3.924999952316284,3.9593749046325684,2.8037500381469727,3.077500104904175,2.775731325149536,7930644800,0.008313,0.0
2008-10-01,3.0137500762939453,3.101875066757202,1.506250023841858,2.002500057220459,1.8061412572860718,29572411200,0.0,0.0
2008-11-01,2.0012500286102295,2.168750047683716,1.125,1.662500023841858,1.4994807243347168,31642990400,0.0,0.0
2008-12-01,1.5700000524520874,1.7237499952316284,1.3668750524520874,1.6418750286102295,1.4844313859939575,28148985600,0.003688,0.0
2009-01-01,1.659999966621399,1.8081250190734863,1.303125023841858,1.371250033378601,1.239757776260376,24103700800,0.0,0.0
2009-02-01,1.331874966621399,1.5393749475479126,1.0774999856948853,1.081874966621399,0.978131115436554,28273734400,0.0,0.0
2009-03-01,1.0399999618530273,1.3574999570846558,0.8849999904632568,1.2331249713897705,1.1205648183822632,38614611200,0.00675,0.0
2009-04-01,1.2037500143051147,1.533750057220459,1.1974999904632568,1.4837499856948853,1.348312497138977,21764392000,0.0,0.0
2009-05-01,1.481874942779541,1.6775000095367432,1.4562499523162842,1.649999976158142,1.4993869066238403,16928116800,0.0,0.0
2009-06-01,1.6862499713897705,1.7731250524520874,1.5293749570846558,1.6337499618530273,1.4897969961166382,15117049600,0.005375,0.0
2009-07-01,1.6437499523162842,1.9118750095367432,1.4574999809265137,1.8700000047683716,1.705230951309204,12436198400,0.0,0.0
2009-08-01,1.9143749475479126,2.083750009536743,1.84375,2.008125066757202,1.831184983253479,11020044800,0.0,0.0
2009-09-01,1.9900000095367432,2.25,1.8956249952316284,2.1449999809265137,1.9610706567764282,8616907200,0.005625,0.0
2009-10-01,2.1337499618530273,2.333750009536743,1.997499942779541,2.0531249046325684,1.877074122428894,10229672000,0.0,0.0
2009-11-01,2.073124885559082,2.3818750381469727,2.03125,2.3062500953674316,2.1084930896759033,8181123200,0.0,0.0
2009-12-01,2.3475000858306885,2.4574999809265137,2.266249895095825,2.390000104904175,2.185574769973755,5346411200,0.000563,0.0
2010-01-01,2.4287500381469727,2.5481250286102295,2.2043750286102295,2.210624933242798,2.0215423107147217,6482944000,0.0,0.0
2010-02-01,2.244374990463257,2.3812499046325684,2.093125104904175,2.3456249237060547,2.1449944972991943,7682427200,0.0,0.0
2010-03-01,2.3637499809265137,2.6756250858306885,2.362499952316284,2.625624895095825,2.4104080200195312,4470099200,0.010313,0.0
2010-04-01,2.658750057220459,2.856250047683716,2.630000114440918,2.6993749141693115,2.4781131744384766,5550552000,0.0,0.0
2010-05-01,2.726249933242798,2.784374952316284,2.065000057220459,2.265000104904175,2.0793423652648926,11552337600,0.0,0.0
2010-06-01,2.223750114440918,2.4393749237060547,2.005625009536743,2.013124942779541,1.8520824909210205,8677622400,0.005063,0.0
2010-07-01,2.0168750286102295,2.380625009536743,1.9375,2.296250104904175,2.1125595569610596,6852875200,0.0,0.0
2010-08-01,2.3662500381469727,2.4156250953674316,2.0456249713897705,2.083750009536743,1.917057752609253,6221168000,0.0,0.0
2010-09-01,2.140625,2.531874895095825,2.138124942779541,2.460624933242798,2.2705559730529785,4977385600,0.007375,0.0
2010-10-01,2.4962499141693115,2.703749895095825,2.419374942779541,2.6468749046325684,2.442418336868286,4827230400,0.0,0.0
2010-11-01,2.674375057220459,2.8475000858306885,2.6031250953674316,2.6362500190734863,2.4326140880584717,5229987200,0.0,0.0
2010-12-01,2.715625047683716,3.020625114440918,2.7143750190734863,3.003124952316284,2.7717278003692627,3090380800,0.000625,0.0
2011-01-01,3.044374942779541,3.2174999713897705,3.0168750286102295,3.133125066757202,2.891711711883545,3580470400,0.0,0.0
2011-02-01,3.1731250286102295,3.4306249618530273,3.169374942779541,3.3506250381469727,3.092452049255371,3680552000,0.0,0.0
2011-03-01,3.3706250190734863,3.3768749237060547,2.958750009536743,3.3293750286102295,3.080420732498169,5848544000,0.007813,0.0
2011-04-01,3.372499942779541,3.5274999141693115,3.1737499237060547,3.520625114440918,3.257371187210083,3492198400,0.0,0.0
2011-05-01,3.554374933242798,3.5587499141693115,3.2593750953674316,3.436875104904175,3.179882764816284,4049542400,0.0,0.0
2011-06-01,3.4149999618530273,3.419374942779541,3.005000114440918,3.3056249618530273,3.0609707832336426,5028449600,0.002625,0.0
2011-07-01,3.3056249618530273,3.492500066757202,3.117500066757202,3.166249990463257,2.931910991668701,4181368000,0.0,0.0
2011-08-01,3.2406249046325684,3.2456250190734863,2.278749942779541,2.760624885559082,2.556306838989258,11239857600,0.0,0.0
2011-09-01,2.770625114440918,2.8193750381469727,2.299375057220459,2.3731250762939453,2.201728105545044,8352545600,0.005188,0.0
2011-10-01,2.344374895095825,3.0799999237060547,2.135624885559082,2.890625,2.6818511486053467,7280816000,0.0,0.0
2011-11-01,2.736875057220459,3.0068750381469727,2.4700000286102295,2.8456249237060547,2.6401007175445557,5906648000,0.0,0.0
2011-12-01,2.8399999141693115,2.9574999809265137,2.653125047683716,2.8993749618530273,2.690493106842041,4003126400,0.000563,0.0
2012-01-01,2.9981250762939453,3.266249895095825,2.936875104904175,3.159374952316284,2.931762456893921,3004993600,0.0,0.0
2012-02-01,3.2118749618530273,3.499375104904175,3.203125,3.4262499809265137,3.179410696029663,2440470400,0.0,0.0
2012-03-01,3.4543750286102295,3.7043750286102295,3.3062500953674316,3.6475000381469727,3.392697334289551,2546675200,0.008563,0.0
2012-04-01,3.640625,3.7225000858306885,3.390000104904175,3.588749885559082,3.3380508422851562,2423364800,0.0,0.0
2012-05-01,3.5893750190734863,3.6837499141693115,3.075624942779541,3.1806249618530273,2.9584362506866455,2833136000,0.0,0.0
2012-06-01,3.065000057220459,3.4256250858306885,2.9568750858306885,3.4081249237060547,3.1734282970428467,2877340800,0.003625,0.0
2012-07-01,3.426875114440918,3.5637500286102295,3.2331249713897705,3.494374990463257,3.2537386417388916,2618096000,0.0,0.0
2012-08-01,3.5299999713897705,3.755000114440918,3.3731250762939453,3.655625104904175,3.403883457183838,1760217600,0.0,0.0
2012-09-01,3.646250009536743,4.01687479019165,3.5975000858306885,3.8262500762939453,3.569470167160034,1835979200,0.007375,0.0
2012-10-01,3.856874942779541,3.9962499141693115,3.6312499046325684,3.6675000190734863,3.421375274658203,2197032000,0.0,0.0
2012-11-01,3.697499990463257,3.8056249618530273,3.336250066757202,3.7018749713897705,3.4534435272216797,2522593600,0.0,0.0
2012-12-01,3.7481250762939453,3.891249895095825,3.616874933242798,3.7718749046325684,3.5252878665924072,2711979200,0.007,0.0
2013-01-01,3.9075000286102295,4.223124980926514,3.887500047683716,4.159375190734863,3.8874552249908447,1862238400,0.0,0.0
2013-02-01,4.204999923706055,4.350625038146973,4.09250020980835,4.249374866485596,3.9715709686279297,2466993600,0.0,0.0
2013-03-01,4.221875190734863,4.581250190734863,4.183750152587891,4.56125020980835,4.264972686767578,2235638400,0.002,0.0
2013-04-01,4.565625190734863,4.746250152587891,4.381875038146973,4.737500190734863,4.429774761199951,2420899200,0.0,0.0
2013-05-01,4.716249942779541,5.303124904632568,4.641250133514404,4.953125,4.6313934326171875,1846126400,0.0,0.0
2013-06-01,4.976874828338623,5.098750114440918,4.528124809265137,4.79562520980835,4.487289905548096,2805096000,0.003313,0.0
2013-07-01,4.849999904632568,5.375,4.743750095367432,5.295000076293945,4.954555511474609,2061694400,0.0,0.0
2013-08-01,5.381249904632568,5.441874980926514,4.941249847412109,4.973124980926514,4.65337610244751,1858678400,0.0,0.0
2013-09-01,5.070624828338623,5.596250057220459,4.978750228881836,5.289999961853027,4.954822540283203,1822337600,0.005375,0.0
2013-10-01,5.291874885559082,5.885000228881836,5.063125133514404,5.769999980926514,5.404409885406494,2465833600,0.0,0.0
2013-11-01,5.786250114440918,6.158124923706055,5.699999809265137,6.103125095367432,5.716425895690918,1912617600,0.0,0.0
2013-12-01,6.114375114440918,6.409999847412109,5.846875190734863,6.409999847412109,6.009490013122559,1897936000,0.005875,0.0
2014-01-01,6.360000133514404,6.419374942779541,5.864999771118164,5.946249961853027,5.574717044830322,2256292800,0.0,0.0
2014-02-01,5.933125019073486,6.547500133514404,5.647500038146973,6.485000133514404,6.079802513122559,2607806400,0.0,0.0
2014-03-01,6.375,6.67312479019165,6.310625076293945,6.581874847412109,6.1723952293396,2160691200,0.001875,0.0
2014-04-01,6.624374866485596,6.771874904632568,6.177499771118164,6.663125038146973,6.248589515686035,1534328000,0.0,0.0
2014-05-01,6.652500152587891,6.968124866485596,6.493750095367432,6.956874847412109,6.52406644821167,1468748800,0.0,0.0
2014-06-01,6.979374885559082,7.301249980926514,6.908750057220459,7.236249923706055,6.791449069976807,956811200,0.005688,0.0
2014-07-01,7.271874904632568,7.473750114440918,7.021874904632568,7.028124809265137,6.596117973327637,1218860800,0.0,0.0
2014-08-01,6.989375114440918,7.59250020980835,6.840624809265137,7.581250190734863,7.115242958068848,1400857600,0.0,0.0
2014-09-01,7.603750228881836,7.724374771118164,7.285624980926514,7.355625152587891,6.906501770019531,1607713600,0.00325,0.0
2014-10-01,7.333749771118164,7.691249847412109,6.252500057220459,7.677499771118164,7.2087249755859375,2766523200,0.0,0.0
2014-11-01,7.698124885559082,8.151874542236328,7.557499885559082,8.102499961853027,7.60777473449707,892265600,0.0,0.0
2014-12-01,8.034375190734863,8.289999961853027,7.371250152587891,8.01937484741211,7.5439019203186035,1373774400,0.01525,0.0
2015-01-01,8.079999923706055,8.121874809265137,7.466875076293945,7.526249885559082,7.080014228820801,1399344000,0.0,0.0
2015-02-01,7.569375038146973,8.506250381469727,7.403124809265137,8.384374618530273,7.887260913848877,780388800,0.0,0.0
2015-03-01,8.389374732971191,8.489999771118164,7.880624771118164,8.081250190734863,7.616237163543701,1377432000,0.015375,0.0
2015-04-01,8.076874732971191,8.548749923706055,7.930624961853027,8.229999542236328,7.756430625915527,1151856000,0.0,0.0
2015-05-01,8.302499771118164,8.641249656677246,8.09000015258789,8.420000076293945,7.935495853424072,824348000,0.0,2.0
2015-06-01,8.487500190734863,8.611249923706055,8.016249656677246,8.06624984741211,7.610763072967529,776757600,0.00975,0.0
2015-07-01,8.212499618530273,8.62874984741211,7.922500133514404,8.40625,7.931563377380371,603984800,0.0,0.0
2015-08-01,8.4037504196167,8.470000267028809,6.25,7.357500076293945,6.942037582397461,915172000,0.0,0.0
2015-09-01,7.011250019073486,7.721250057220459,6.618750095367432,6.949999809265137,6.5575480461120605,1056431200,0.0,0.0
2015-10-01,6.986249923706055,8.2837495803833,6.771249771118164,8.162500381469727,7.701581001281738,691888800,0.0,0.0
2015-11-01,8.192500114440918,8.460000038146973,7.711249828338623,8.211250305175781,7.747577667236328,494788000,0.0,0.0
2015-12-01,8.267499923706055,8.390000343322754,7.519999980926514,7.875,7.453704833984375,712268800,0.02425,0.0
2016-01-01,7.601250171661377,7.75,6.173749923706055,7.058750152587891,6.68112325668335,1231120800,0.0,0.0
2016-02-01,6.976250171661377,7.256249904632568,6.163750171661377,7.014999866485596,6.639712810516357,967447200,0.0,0.0
2016-03-01,7.136250019073486,8.076250076293945,7.09375,7.977499961853027,7.550722122192383,614647200,0.0,0.0
2016-04-01,7.881249904632568,8.383749961853027,7.778749942779541,8.024999618530273,7.595680236816406,579520800,0.0,0.0
2016-05-01,8.06624984741211,8.3462495803833,7.732500076293945,8.279999732971191,7.837038040161133,427296800,0.0,0.0
2016-06-01,8.21875,8.487500190734863,7.462500095367432,8.282500267028809,7.849761486053467,648656000,0.010875,0.0
2016-07-01,8.279999732971191,8.927499771118164,8.09749984741211,8.895000457763672,8.43026065826416,426363200,0.0,0.0
2016-08-01,8.898750305175781,9.088749885559082,8.68375015258789,8.9037504196167,8.43855094909668,315727200,0.0,0.0
2016-09-01,8.90250015258789,9.051250457763672,8.479999542236328,8.87125015258789,8.415166854858398,598135200,0.007625,0.0
2016-10-01,8.826250076293945,8.895000457763672,8.447500228881836,8.545000076293945,8.105687141418457,468253600,0.0,0.0
2016-11-01,8.578749656677246,9.289999961853027,8.21500015258789,9.162500381469727,8.691441535949707,574750400,0.0,0.0
2016-12-01,9.196249961853027,9.833749771118164,9.06624984741211,9.517499923706055,9.03905963897705,496316000,0.01175,0.0
2017-01-01,9.641249656677246,10.03125,9.543749809265137,9.84749984741211,9.35246753692627,500487200,0.0,0.0
2017-02-01,9.899999618530273,10.688750267028809,9.7787504196167,10.618749618530273,10.084952354431152,395544000,0.0,0.0
2017-03-01,10.618749618530273,10.954999923706055,10.239999771118164,10.604999542236328,10.082632064819336,432972800,0.011125,0.0
2017-04-01,10.609999656677246,10.926250457763672,10.3100004196167,10.801250457763672,10.269217491149902,363368800,0.0,0.0
2017-05-01,10.84749984741211,11.135000228881836,10.539999961853027,11.076250076293945,10.530673027038574,283770400,0.0,0.0
2017-06-01,11.12125015258789,11.475000381469727,11.012499809265137,11.181249618530273,10.64013671875,294052800,0.01025,0.0
2017-07-01,11.27750015258789,11.738750457763672,11.042499542236328,11.6225004196167,11.06003189086914,217399200,0.0,0.0
2017-08-01,11.68375015258789,11.817500114440918,11.138750076293945,11.6587495803833,11.094528198242188,256808000,0.0,0.0
2017-09-01,11.696249961853027,12.100000381469727,11.412500381469727,12.092499732971191,11.518176078796387,183688000,0.01125,0.0
2017-10-01,12.116250038146973,12.713749885559082,12.108750343322754,12.640000343322754,12.03967571258545,153216800,0.0,0.0
2017-11-01,12.728750228881836,13.493749618530273,12.479999542236328,13.382499694824219,12.74691104888916,191908000,0.0,0.0
2017-12-01,13.369999885559082,13.876250267028809,12.961250305175781,13.678750038146973,13.048172950744629,218242400,0.020125,0.0
2018-01-01,13.770000457763672,15.71500015258789,13.72249984741211,15.206250190734863,14.505257606506348,266974400,0.0,0.0
2018-02-01,15.100000381469727,15.324999809265137,12.168749809265137,13.978750228881836,13.334343910217285,579130400,0.0,0.0
2018-03-01,13.984999656677246,14.895000457763672,12.649999618530273,13.1850004196167,12.595161437988281,628125600,0.02,0.0
2018-04-01,13.088749885559082,13.925000190734863,12.302499771118164,13.211250305175781,12.620238304138184,427381600,0.0,0.0
2018-05-01,13.162500381469727,14.176250457763672,12.668749809265137,13.793749809265137,13.176679611206055,365924800,0.0,0.0
2018-06-01,13.9662504196167,14.68375015258789,13.62125015258789,13.911250114440918,13.310770988464355,315963200,0.023625,0.0
2018-07-01,13.725000381469727,15.239999771118164,13.696249961853027,14.897500038146973,14.2544527053833,236797600,0.0,0.0
2018-08-01,14.920000076293945,15.978750228881836,14.673749923706055,15.813750267028809,15.131153106689453,207732000,0.0,0.0
2018-09-01,15.765000343322754,16.247499465942383,15.420000076293945,15.9399995803833,15.266292572021484,172118400,0.015,0.0
2018-10-01,16.09749984741211,16.217500686645508,12.641249656677246,13.706250190734863,13.126949310302734,554071200,0.0,0.0
2018-11-01,13.805000305175781,14.772500038146973,12.887499809265137,14.137499809265137,13.539976119995117,356937600,0.0,0.0
2018-12-01,14.613750457763672,14.619999885559082,10.173749923706055,11.602499961853027,11.143174171447754,584412800,0.0285,0.0
2019-01-01,11.236249923706055,13.482500076293945,11.00374984741211,13.427499771118164,12.895920753479004,370259200,0.0,0.0
2019-02-01,13.456250190734863,14.551250457763672,13.2162504196167,14.261249542236328,13.696662902832031,208538400,0.0,0.0
2019-03-01,14.454999923706055,15.0024995803833,13.619999885559082,14.725000381469727,14.16845703125,279220800,0.0275,0.0
2019-04-01,14.9350004196167,15.920000076293945,14.9037504196167,15.861249923706055,15.261760711669922,170094400,0.0,0.0
2019-05-01,15.947500228881836,15.970000267028809,13.829999923706055,13.835000038146973,13.312094688415527,301599200,0.0,0.0
2019-06-01,13.832500457763672,16.05500030517578,13.609999656677246,15.751250267028809,15.187768936157227,218513600,0.03325,0.0
2019-07-01,16.126249313354492,16.6825008392334,15.876250267028809,16.147499084472656,15.569841384887695,196412800,0.0,0.0
2019-08-01,16.16374969482422,16.518749237060547,14.458749771118164,15.494999885559082,14.940686225891113,375640800,0.0,0.0
2019-09-01,15.296250343322754,16.563749313354492,15.15250015258789,16.056249618530273,15.481857299804688,195008000,0.0,0.0
2019-10-01,16.158750534057617,16.842500686645508,14.77750015258789,16.698749542236328,16.10137367248535,279172000,0.0,0.0
2019-11-01,16.8700008392334,18.020000457763672,16.84749984741211,17.87874984741211,17.23916244506836,150078400,0.0,0.0
2019-12-01,17.915000915527344,19.084999084472656,17.0674991607666,18.854999542236328,18.2130126953125,210491200,0.033625,0.0
2020-01-01,19.049999237060547,20.133750915527344,18.65250015258789,18.772499084472656,18.13332176208496,295361600,0.0,0.0
2020-02-01,18.957500457763672,20.8125,14.642499923706055,15.869999885559082,15.32965087890625,408481600,0.0,0.0
2020-03-01,15.953749656677246,17.68375015258789,8.103750228881836,11.113750457763672,10.761941909790039,925019200,0.02475,0.0
2020-04-01,10.2837495803833,14.34749984741211,9.93375015258789,13.912500381469727,13.472097396850586,738978400,0.0,0.0
2020-05-01,13.420000076293945,15.454999923706055,12.5625,15.186249732971191,14.705527305603027,592101600,0.0,0.0
2020-06-01,15.130000114440918,17.147499084472656,14.358750343322754,15.635000228881836,15.140070915222168,519845600,0.0,0.0
2020-07-01,15.736249923706055,17.549999237060547,15.6850004196167,17.462499618530273,16.909719467163086,299552800,0.0,0.0
2020-08-01,17.657499313354492,20.184999465942383,17.594999313354492,19.957500457763672,19.325740814208984,153496000,0.0,2.0
2020-09-01,20.05500030517578,21.040000915527344,16.767499923706055,18.36750030517578,17.786069869995117,262388800,0.0,0.0
2020-10-01,18.674999237060547,20.49250030517578,16.962499618530273,17.3799991607666,16.829832077026367,236976000,0.0,0.0
2020-11-01,17.774999618530273,21.577499389648438,17.457500457763672,21.292499542236328,20.618478775024414,183196000,0.0,0.0
2020-12-01,21.707500457763672,22.927499771118164,21.420000076293945,22.837499618530273,22.135637283325195,155729600,0.021,0.0
2021-01-01,23.00749969482422,24.267499923706055,21.727500915527344,22.3125,21.626771926879883,157038800,0.0,0.0
2021-02-01,22.735000610351562,25.267499923706055,22.457500457763672,23.49250030517578,22.770505905151367,141379200,0.0,0.0
2021-03-01,24.142499923706055,25.78499984741211,22.422500610351562,25.577499389648438,24.80870819091797,219712000,0.0175,0.0
2021-04-01,25.829999923706055,28.75,25.802499771118164,28.290000915527344,27.439678192138672,149124400,0.0,0.0
2021-05-01,28.572500228881836,29.02750015258789,26.582500457763672,28.59749984741211,27.737930297851562,198121200,0.0,0.0
2021-06-01,28.93000030517578,29.917499542236328,28.020000457763672,29.834999084472656,28.949275970458984,120690400,0.011,0.0
2021-07-01,29.9375,31.6924991607666,28.934999465942383,31.227500915527344,30.300437927246094,172224400,0.0,0.0
2021-08-01,31.475000381469727,33.279998779296875,30.852500915527344,33.07749938964844,32.095516204833984,138329200,0.0,0.0
2021-09-01,33.20249938964844,33.41749954223633,29.93000030517578,29.954999923706055,29.074722290039062,242983600,0.0095,0.0
2021-10-01,30.209999084472656,34.275001525878906,29.55500030517578,34.23249816894531,33.22651672363281,206743600,0.0,0.0
2021-11-01,34.39250183105469,36.349998474121094,33.560001373291016,33.64500045776367,32.656288146972656,198980800,0.0,0.0
2021-12-01,34.49250030517578,37.23500061035156,32.592498779296875,36.592498779296875,35.54316329956055,307456000,0.026,0.0
2022-01-01,36.8224983215332,37.380001068115234,28.604999542236328,32.71500015258789,31.77686309814453,314660800,0.0,2.0
2022-02-01,32.834999084472656,33.915000915527344,27.114999771118164,30.65999984741211,29.78078842163086,208898600,0.0,0.0
2022-03-01,30.459999084472656,34.33000183105469,27.645000457763672,32.80500030517578,31.883872985839844,275076600,0.02,0.0
2022-04-01,33.029998779296875,33.68000030517578,26.9950008392334,27.100000381469727,26.339061737060547,238388600,0.0,0.0
2022-05-01,27.100000381469727,29.440000534057617,22.924999237060547,26.959999084472656,26.202987670898438,370305000,0.0,0.0
2022-06-01,27.2450008392334,27.53499984741211,20.760000228881836,22.450000762939453,21.81962776184082,241092400,0.0,0.0
2022-07-01,22.3700008392334,26.7549991607666,21.670000076293945,26.645000457763672,25.896839141845703,172269600,0.0,0.0
2022-08-01,26.260000228881836,29.165000915527344,24.315000534057617,24.329999923706055,23.646835327148438,165107200,0.0,0.0
2022-09-01,24.040000915527344,26.360000610351562,19.850000381469727,19.860000610351562,19.302352905273438,291135200,0.0,0.0
2022-10-01,20.30500030517578,23.3799991607666,18.764999389648438,22.985000610351562,22.339609146118164,291418000,0.0,0.0
2022-11-01,23.440000534057617,25.31999969482422,20.915000915527344,25.309999465942383,24.59932518005371,243344400,0.0,0.0
2022-12-01,25.479999542236328,25.6299991607666,21.375,22.225000381469727,21.6868953704834,235348000,0.0905,0.0
2023-01-01,22.450000762939453,25.155000686645508,21.69499969482422,24.940000534057617,24.336162567138672,196509800,0.0,0.0
2023-02-01,24.774999618530273,26.375,23.239999771118164,23.53499984741211,22.965177536010742,180218600,0.0,0.0
2023-03-01,23.434999465942383,25.135000228881836,21.645000457763672,25.100000381469727,24.492290496826172,328699400,0.0,0.0
2023-04-01,25.030000686645508,25.80500030517578,24.299999237060547,25.7450008392334,25.121671676635742,162558200,0.0,0.0
2023-05-01,25.684999465942383,26.40999984741211,24.235000610351562,25.81999969482422,25.194856643676758,186446000,0.0,0.0
2023-06-01,25.829999923706055,29.204999923706055,25.674999237060547,29.075000762939453,28.37104606628418,150468200,0.0,0.0
2023-07-01,29.020000457763672,31.06999969482422,28.229999542236328,30.844999313354492,30.09819221496582,114283000,0.0,0.0
2023-08-01,30.6200008392334,30.7549991607666,27.459999084472656,29.604999542236328,28.888214111328125,154787200,0.0,0.0
2023-09-01,29.969999313354492,30.045000076293945,26.075000762939453,26.690000534057617,26.043792724609375,117852800,0.0,0.0
2023-10-01,26.575000762939453,27.940000534057617,24.295000076293945,25.354999542236328,24.74111557006836,239938800,0.0,0.0
2023-11-01,25.459999084472656,30.25,25.405000686645508,29.985000610351562,29.259014129638672,131201200,0.0,0.0
2023-12-01,29.899999618530273,32.83000183105469,29.684999465942383,32.53499984741211,31.8048152923584,108597800,0.059,0.0
2024-01-01,32.084999084472656,34.56999969482422,31.270000457763672,33.345001220703125,32.59663391113281,176397200,0.0,0.0
2024-02-01,33.55500030517578,36.9900016784668,33.44499969482422,36.64500045776367,35.82258605957031,136487800,0.0,0.0
2024-03-01,36.76499938964844,38.97999954223633,36.15999984741211,38.7599983215332,37.9793586730957,108310000,0.089,0.0
2024-04-01,38.8650016784668,38.94499969482422,34.375,35.435001373291016,34.72133255004883,207060000,0.0,0.0
2024-05-01,35.34000015258789,39.75,35.064998626708984,38.834999084472656,38.052860260009766,130405800,0.0,0.0
2024-06-01,39.084999084472656,42.2400016784668,38.13999938964844,41.29999923706055,40.561439514160156,81491800,0.0955,0.0
2024-07-01,41.525001525878906,44.40999984741211,40.05500030517578,41.939998626708984,41.18999099731445,126858400,0.0,0.0
2024-08-01,42.2599983215332,43.685001373291016,35.915000915527344,43.57500076293945,42.79575729370117,130404400,0.0,0.0
2024-09-01,85.56999969482422,85.56999969482422,39.834999084472656,45.084999084472656,44.36540222167969,103607000,0.0875,0.0
2024-10-01,44.9900016784668,46.849998474121094,43.709999084472656,43.959999084472656,43.25835418701172,93305200,0.0,0.0
2024-11-01,44.3650016784668,49.18000030517578,43.81999969482422,49.03499984741211,48.25236129760742,85099000,0.0,0.0
2024-12-01,49.1150016784668,50.060001373291016,45.685001373291016,46.255001068115234,45.635005950927734,81532200,0.1225,0.0
2025-01-01,46.779998779296875,49.98500061035156,44.470001220703125,48.44499969482422,47.79564666748047,98426000,0.0,0.0
2025-02-01,46.96500015258789,50.14500045776367,45.125,46.935001373291016,46.30588912963867,92685800,0.0,0.0
2025-03-01,47.2599983215332,47.435001373291016,39.57500076293945,41.38999938964844,40.91243362426758,153364800,0.083,0.0
2025-04-01,41.119998931884766,42.595001220703125,30.420000076293945,39.685001373291016,39.227115631103516,212310800,0.0,0.0
2025-05-01,40.54999923706055,45.60499954223633,39.88999938964844,44.53499984741211,44.021148681640625,102543800,0.0,0.0
2025-06-01,44.279998779296875,49.064998626708984,43.880001068115234,48.86000061035156,48.40119552612305,81376600,0.1025,0.0
2025-07-01,48.61000061035156,52.11000061035156,48.474998474121094,50.84000015258789,50.36260223388672,85325600,0.0,0.0
2025-08-01,49.900001525878906,53.38999938964844,48.78499984741211,52.63999938964844,52.14569854736328,94882000,0.0,0.0
2025-09-01,51.38999938964844,56.439998626708984,50.970001220703125,56.064998626708984,55.63232421875,73478800,0.094,0.0
2025-10-01,55.564998626708984,59.744998931884766,53.70000076293945,58.380001068115234,57.92946243286133,134600000,0.0,0.0
2025-11-01,59.005001068115234,59.02000045776367,52.91999816894531,58.2599983215332,57.810386657714844,125307700,0.0,2.0
2025-12-01,57.47999954223633,59.619998931884766,56.040000915527344,57.91999816894531,57.58597946166992,61410600,0.116,0.0
2026-01-01,58.540000915527344,60.369998931884766,56.81999969482422,59.290000915527344,58.94807815551758,81408000,0.0,0.0
2026-02-01,58.900001525878906,60.16999816894531,56.380001068115234,58.0099983215332,57.67546081542969,93490400,0.0,0.0
2026-03-01,56.720001220703125,58.40999984741211,48.630001068115234,51.880001068115234,51.69287109375,124697900,0.114,0.0
2026-04-01,52.45000076293945,63.20000076293945,51.0099983215332,62.959999084472656,62.73290252685547,96574300,0.0,0.0
2026-05-01,63.43000030517578,69.72000122070312,62.31999969482422,69.44000244140625,69.18952941894531,64015200,0.0,0.0
2026-06-01,69.25,70.12999725341797,63.16999816894531,67.37999725341797,67.26885986328125,83767300,0.128,0.0
2026-07-01,67.08999633789062,68.83000183105469,63.90999984741211,66.98999786376953,66.87950134277344,62892300,0.0,0.0
2026-08-01,67.44000244140625,72.80000305175781,67.4000015258789,70.29000091552734,70.17406463623047,61008400,0.0,0.0
2026-09-01,69.37000274658203,71.8499984741211,66.94000244140625,69.33000183105469,69.33000183105469,64983700,0.118,0.0
2026-10-01,69.66000366210938,72.76000213623047,68.63999938964844,72.12000274658203,72.12000274658203,25715899,0.0,0.0
